internal_id,title,doi,year,source_db,source_query_id,source_query_label,ta_decision,ft_decision,ft_rationale,ft_matched_ic,ft_matched_ec,ft_screened_by
9ea592cd,“Bottleneck Analysis in Software Development: A Case Study Using Process Mining”,10.1007/978-3-032-03708-4_22,2026,scopus,scopus_principal,Principal,maybe,include,"O paper aplica claramente Process Mining (descoberta de processo, conformance checking, modelagem preditiva) a artefatos e workflows de desenvolvimento de software (IDEs, task management systems), atendendo IC1. O abstract detalha identificação de bottlenecks, análise de event logs de processos de SW, e modelo preditivo para antecipar ineficiências futuras. Nenhum critério de exclusão se aplica.",IC1,,llm_pdf
2c1f1193,Continuous software monitoring backed by process mining: a systematic literature review,10.1007/s41060-025-01000-w,2026,scopus,scopus_principal,Principal,maybe,include,"O paper é uma SLR que foca explicitamente em process mining aplicado a monitoramento contínuo de software, atendendo IC1 (Process Mining em Software) e IC4 (Mineração de Repositórios/Artefatos para Processo). O resumo confirma aplicação de process mining a execuções de programas e sistemas de software, com design de sistema de monitoramento baseado em PM. Embora focado em observabilidade em runtime vs. processos de desenvolvimento, a intersecção com PM em contexto de SW é clara e não há EC decis",IC1|IC4,,llm_pdf
f7a54d4c,Architecting software monitors for control-flow anomaly detection through large language models and conformance checking,10.1016/j.infsof.2026.108133,2026,scopus,scopus_principal,Principal,include,include,"O paper aplica conformance checking (técnica nuclear em process mining) para análise de event logs gerados a partir de execução de software, com foco explícito em detecção de anomalias de control-flow. Atende claramente IC1: process mining (conformance checking) aplicado a artefatos de SW (event logs de execução, source code instrumentation). Nenhum critério de exclusão se aplica — o domínio é SW/sistemas de software, o estudo não trata software como ferramenta (é o objeto de análise), e a avali",IC1,,llm
e3d6d00e,Towards Streamlining Auditing for Compliance with Requirements in Open-Source Software at NASA,10.1109/DASC66011.2025.11257352,2025,ieee,ieee_manual_01,IEEE Manual 01,include,include,"O artigo aplica repository mining (Kaiaulu) a artefatos de software (version control, issue tracking, CI/CD) para analisar conformidade de processos de desenvolvimento em projeto real (NASA Copilot), atendendo claramente IC1 (process mining em software) e IC4 (mineração de repositórios para descobrir/modelar processos de SW). Nenhum critério de exclusão se aplica.",IC1|IC4,,llm
03b0c494,Stochastic conformance checking based on variable-length Markov chains,10.1016/j.is.2025.102561,2025,scopus,scopus_markov_testing,Markov + Software Testing (focal V6),include,include,"O paper atende claramente IC1 (conformance checking é core de process mining, aplicado a event logs) e IC2 (modelagem estocástica via Variable-length Markov Chains para síntese de processos estocásticos). A proposta usa VLMC para verificação de conformidade estocástica em logs, combinando técnicas de process mining e software performance engineering. Nenhum critério de exclusão se aplica — o foco é processo de software/programa (program runs), não domínio externo, e a avaliação é em benchmark da",IC1|IC2,,llm
69029db6,Process mining for agile software process assessment and improvement,10.1016/j.infsof.2025.107680,2025,scopus,scopus_principal,Principal,maybe,include,"O resumo confirma claramente IC1: aplica process mining (algoritmos de descoberta, análise de fluxo procedural, técnicas declarativas de business process) a artefatos de processos de desenvolvimento de software ágil, utilizando event logs de 3.418 projetos. Nenhum EC se aplica — o domínio é software, a ferramenta (process mining) é aplicada ao processo de desenvolvimento, e há avaliação empírica com validação de especialistas.",IC1,,llm_pdf
ed0ab009,PRIMAD: Building Digital Twins for Software Development Lifecycle within an Evolutionary Architecture,10.1109/SWC65939.2025.00261,2025,ieee,ieee_manual_01,IEEE Manual 01,include,include,"O artigo propõe PRIMAD, uma metodologia que claramente atende IC1 (minera issue-tracking systems como JIRA para descobrir processos de SDLC), IC2 (usa simulação estocástica e modelagem de atores para processos de SW) e IC3 (realiza forecasting de métricas de processo via machine learning). Nenhum critério de exclusão se aplica: o domínio é exclusivamente software engineering, o foco é o processo de desenvolvimento (não software como ferramenta), e a avaliação inclui componentes práticos (pm4py, ",IC1|IC2|IC3,,llm
bf72ff27,Mining and Assessing Issue Resolution Processes in Open Source Software Repositories,10.1109/CSCWD64889.2025.11033176,2025,scopus,scopus_principal,Principal,include,include,"O paper aplica process mining (Direct Follow Graphs, event log analysis de issues) a artefatos de software (repositórios GitHub/OSS) e minera repositórios para descobrir modelos de processo de resolução de issues e melhorar eficiência, atendendo claramente IC1 e IC4. Nenhum critério de exclusão se aplica.",IC1|IC4,,llm
43e84ac4,MINDS: An NLP-Driven Process Mining Framework for Superior Microservices Decomposition,10.1109/ACCESS.2025.3639460,2025,ieee,ieee_manual_01,IEEE Manual 01,include,include,"O paper aplica claramente process mining (inductive mining, event log analysis de user traces) a um artefato e processo de software (decomposição de microsserviços em arquitetura de SW). Atende IC1 (PM em SW via event logs) e IC4 (mineração de repositórios/traces para descobrir modelos de processo de SW). Não há violação de critérios de exclusão — o foco é no processo de desenvolvimento/arquitetura, não em SW como ferramenta ou domínio externo.",IC1|IC4,,llm
fa2cb37b,Enhanced What-If Scenarios Generation by Bridging Generative Models and Process Simulation,10.1109/ICPM66919.2025.11220730,2025,scopus,scopus_simulation_bridge,Process Mining + Simulation Models (focal V9),maybe,include,"O paper atende claramente IC1 ao aplicar process mining (geração e análise de event logs) com foco em simulação de cenários what-if em processos de software/business. Além disso, atende IC3 ao abordar forecasting e predição de comportamentos de processos através de modelos generativos integrados com simulação. A abordagem WISDOM combina descoberta de padrões em logs com geração de traces sintéticas, ambas atividades centrais em process mining aplicado a processos de desenvolvimento. Nenhum crité",IC1|IC3,,llm
7434525f,Comparative Analysis of AI Software and Traditional Software GitHub Repositories Using Process Mining,10.15439/2025F3421,2025,ieee,ieee_manual_01,IEEE Manual 01,include,include,"O paper aplica process mining a artefatos de software (issues e pull requests) de repositórios GitHub para descobrir padrões de workflow e eficiência, atendendo claramente IC1 (process mining aplicado a artefatos de SW) e IC4 (mineração de repositórios para descoberta de modelos de processo). Nenhum critério de exclusão se aplica.",IC1|IC4,,llm
6ff2b7f2,Probabilistic Model Checking GitHub Repositories for Software Project Analysis,10.3390/app14031260,2024,scopus,scopus_principal,Principal,include,include,"O artigo aplica Discrete-Time Markov Chains e Probabilistic CTL para modelo e análise de repositórios GitHub, minerando dados de atividade para descobrir dinâmicas temporais e propriedades de processos de desenvolvimento de software. Atende claramente IC2 (modelagem estocástica em processos de SW via Markov Chains) e IC4 (mineração de repositórios GitHub para descoberta e análise de padrões de processo). Nenhum critério de exclusão se aplica.",IC2|IC4,,llm
63bfddbd,Multi-Dimensional Process Analysis of Software Development Projects,10.5220/0012372100003645,2024,scopus,scopus_principal,Principal,include,include,"O paper claramente atende IC1 (extrai dados de repositórios GitHub e aplica análise de processos de desenvolvimento de software com múltiplas dimensões) e IC4 (minera repositórios GitHub para descobrir e melhorar modelos de processo de SW). Nenhum critério de exclusão é aplicável — o domínio é exclusivamente software development, a mineração de repositórios é o foco principal (não ferramenta auxiliar), e a abordagem é aplicada empiricamente a dados reais de processos de SW.",IC1|IC4,,llm
c7d555aa,Mining Pull Requests to Detect Process Anomalies in Open Source Software Development,10.1145/3597503.3639196,2024,ieee,ieee_manual_01,IEEE Manual 01,include,include,"O paper aplica claramente process mining (descoberta de padrões, análise de fluxo de controle e detecção de anomalias) a artefatos de software (Pull Requests em GitHub), analisando 17.531 PRs de 18 projetos OSS para extrair modelos de processo de desenvolvimento. Atende robustamente IC1 sem nenhum critério de exclusão decisivo.",IC1,,llm
7f6a881a,Declarative Process Mining for Software Processes: The RuM Toolkit and the Declare4Py Python Library,10.1007/978-3-031-49269-3_2,2024,scopus,scopus_principal,Principal,maybe,include,"O paper apresenta o RuM Toolkit e Declare4Py, ferramentas de Process Mining declarativo aplicadas explicitamente a processos de software. O título e conteúdo confirmam IC1 (Process Mining em Software) — aplicação de descoberta de processo e análise de event logs a artefatos de engenharia de software, com enfoque em modelagem declarativa de processos de desenvolvimento.",IC1,,llm_pdf
9ffa3123,Comparative Study of Reinforcement Learning in GitHub Pull Request Outcome Predictions,10.1109/SANER60148.2024.00057,2024,scopus,scopus_principal,Principal,include,include,"O paper aplica claramente Markov Decision Processes (modelagem estocástica) para prever outcomes de pull requests em processos de desenvolvimento de software, minerando dados de repositórios GitHub. Atende simultaneamente IC2 (modelagem estocástica em processos de SW via MDPs), IC3 (forecasting de métricas de processo - PR outcomes) e IC4 (mineração de repositórios GitHub para processo). Nenhum critério de exclusão se aplica.",IC2|IC3|IC4,,llm
373ad20e,Applying Process Mining: The Reality of a Software Development SME,10.3390/app14041402,2024,scopus,scopus_principal,Principal,include,include,"O artigo aplica claramente process mining (descoberta de processos, análise de fluxo de controle, conformance através de perspectivas de tempo e organização) diretamente a artefatos e processos de desenvolvimento de software em uma SME real. Atende IC1 sem violação de EC, contribuindo especificamente ao escopo da PATHCAST ao demonstrar extração de event logs, identificação de desvios e melhoria contínua de processos de SW.",IC1,,llm
3430f3d0,A Stochastic Approach Based on Rational Decision-Making for Analyzing Software Engineering Project Status,10.1007/978-3-031-49266-2_12,2024,scopus,scopus_principal,Principal,maybe,include,"O paper atende claramente IC2: utiliza Hidden Markov Models (modelagem estocástica) para modelar e prever estados ocultos de processos de decisão em projetos de engenharia de software, com validação em dados empíricos de organização de software. A aplicação é específica a processos de desenvolvimento de SW (project status prediction), não se enquadrando em nenhum critério de exclusão.",IC2,,llm
61cb2257,Transforming Cognitive Maps into Markov Process Models for Software Development Projects,10.1109/SIST58284.2023.10223535,2023,scopus,scopus_fronteira,Fronteira (Stochastic + PM + SE),include,include,"O artigo atende IC2 ao transformar cognitive maps em Markov chains para modelar e quantificar processos de desenvolvimento de software, com capacidade de forecasting. Não há evidência de EC aplicáveis — o foco é explicitamente em processos de SW (não é ferramenta, não é outro domínio, não é algoritmo teórico desaplicado).",IC2,,llm
fda7184e,Supporting software evolution actions with process mining,,2023,scopus,scopus_principal,Principal,maybe,include,"O paper aplica Process Mining explicitamente a artefatos e processos de software (Sistema de Gestão de Documentos Eletrônicos), analisando logs de procedimentos administrativos para identificar misfits e guiar evolução de software. Atende claramente IC1 (PM aplicado a processos de SW para descoberta e melhoria) sem ativar ECs.",IC1,,llm
1b7688b7,Process Mining from Jira Issues at a Large Company,10.1109/ICSME58846.2023.00055,2023,scopus,scopus_principal,Principal,include,include,"O paper apresenta uma técnica de process mining aplicada a artefatos de software (Jira issues) em um caso de estudo real com 74 repositórios de 24 times de uma grande empresa. Atende claramente IC1 ao descobrir e analisar processos reais de desenvolvimento de software através de event logs de issues, identificando desvios e insights sobre processos empregados. Nenhum critério de exclusão se aplica.",IC1,,llm
bbfaa5a6,Mathematical model of the software development process according to the 'outsource' scheme,10.1109/DESSERT61349.2023.10416494,2023,scopus,scopus_principal,Principal,include,include,"O paper propõe explicitamente um modelo matemático com transições probabilísticas e distribuições estocásticas para caracterizar processos de desenvolvimento de software (outsourcing scheme), atendendo claramente IC2. A descrição de 'probabilistic transitions between stages', 'transition probabilities and intensities' e uso de 'relevant probabilistic distributions' caracteriza modelagem estocástica aplicada a processos de SW. Nenhum EC decisivo se aplica.",IC2,,llm
5b7858a6,Mapping Process Mining Techniques to Agile Software Development Perspectives,10.5220/0011850500003464,2023,scopus,scopus_principal,Principal,include,include,"O paper é uma revisão de literatura que mapeia explicitamente Process Mining (discovery, conformance, enhancement) para perspectivas de Agile Software Development, analisando como PM pode ser aplicado a processos de ASD através de event logs e comparação com modelos padronizados (Scrum, XP). Atende claramente IC1 (Process Mining em Software) sem violações aos critérios de exclusão.",IC1,,llm
56342950,Fault-insertion and fault-fixing behavioural patterns in Apache Software Foundation Projects,10.1016/j.infsof.2023.107187,2023,scopus,scopus_complementar,Complementar (MSR → Process Modeling),maybe,include,"O paper atende IC4 (mineração de repositórios para processo) ao analisar padrões de inserção e correção de faltas em 12 projetos Apache via análise de repositórios, e também satisfaz IC2 ao construir modelos estocásticos explícitos (Petri-net, Markov Chain, Hawkes Processes) para descrever e simular comportamento de desenvolvedores em processos de software. Nenhum EC se aplica — o foco é claramente no processo de desenvolvimento de software, não em implementação.",IC2|IC4,,llm
21851bba,Exploring Collaboration Patterns in GitHub Using Discrete Time Markov Chain,10.1109/APSEC60848.2023.00090,2023,scopus,scopus_principal,Principal,include,include,"O paper claramente atende IC2 (modelagem estocástica de processos de SW: uso de Discrete Time Markov Chain para modelar repositórios GitHub) e IC4 (mineração de repositórios GitHub para descobrir padrões de colaboração em desenvolvimento de software). Não há critérios de exclusão: o domínio é SW, GitHub é o objeto de estudo (não ferramenta), e há avaliação empírica com probabilistic temporal logic e model checking. A decisão de inclusão da fase 1 é confirmada.",IC2|IC4,,llm
60f3005f,Discovery and Simulation of Business Processes with Probabilistic Resource Availability Calendars,10.1109/ICPM60904.2023.10271965,2023,scopus,scopus_simulation_bridge,Process Mining + Simulation Models (focal V9),include,include,O paper atende claramente IC1 (descobre calendários de disponibilidade de recursos probabilísticos a partir de event logs usando process mining) e IC2 (modela a disponibilidade de recursos como variáveis estocásticas com probabilidades para capturar comportamentos reais em processos de negócio). A avaliação empírica valida que modelos de simulação com calendários probabilísticos replicam melhor distribuições temporais e cycle times. Nenhum critério de exclusão se aplica.,IC1|IC2,,llm
82ce5370,An AI-Enhanced Process Mining Framework for Software Process Insights,10.1109/KSE59128.2023.10299475,2023,ieee,ieee_manual_01,IEEE Manual 01,include,include,"O paper apresenta um framework de process mining aplicado explicitamente a processos de desenvolvimento de software, extraindo event logs de version control systems e realizando process discovery com ontologias de domínio. Atende claramente IC1 (process mining em artefatos de SW como VCS) e IC4 (mineração de repositórios para descoberta de processo de desenvolvimento). Nenhum critério de exclusão se aplica.",IC1|IC4,,llm
d65695c6,A stochastic petri net model of continuous integration and continuous delivery,10.1109/RAMS51473.2023.10088212,2023,scopus,scopus_principal,Principal,include,include,"O paper desenvolve explicitamente um modelo de Petri net estocástico (IC2) para analisar pipelines de CI/CD, quantificando a probabilidade de entrega dentro do prazo (IC3 — forecasting de métrica de processo). Não há critérios de exclusão: o domínio é claramente software, o foco é modelagem formal de processos de desenvolvimento (não apenas ferramenta), e há aplicação estruturada a processos de SW com análise de sensibilidade para melhorias.",IC2|IC3,,llm
4b34f7a5,Unveiling process insights from refactoring practices,10.1016/j.csi.2021.103587,2022,scopus,scopus_principal,Principal,include,include,"O artigo demonstra claramente a aplicação de process mining a artefatos de desenvolvimento de software (eventos de IDE durante refatoração), extrai métricas de processo de event logs, e utiliza essas métricas para classificar práticas de refatoração e predizer complexidade do software com acurácia de 92-94%. Atende IC1 (process mining em SW) e IC3 (forecasting/predição de métricas de processo). Nenhum EC se aplica.",IC1|IC3,,llm
b8fc130d,Unearthing open source decision-making processes: A case study of python enhancement proposals,10.1002/spe.3128,2022,scopus,scopus_principal,Principal,include,include,"O paper aplica explicitamente process mining (técnicas de descoberta, visualização e análise estrutural) para descobrir e analisar processos de tomada de decisão em um projeto OSS (Python), extraindo eventos de 1.54 milhões de mensagens de email. Atende claramente IC1 (process mining em artefatos de software: emails/repositório) e IC4 (mineração de repositório para descoberta de processos de desenvolvimento de software). Nenhum critério de exclusão é acionado.",IC1|IC4,,llm
88087b27,Understanding Coding Behavior: An Incremental Process Mining Approach,10.3390/electronics11030389,2022,scopus,scopus_principal,Principal,include,include,O artigo aplica claramente process mining (descoberta incremental de modelos) a artefatos de software (event logs capturados de IDE e VCS) para analisar comportamento de codificação de programadores. Atende IC1 sem violações decisivas de critérios de exclusão. Avaliação prática em contexto acadêmico de desenvolvimento confirma aplicação concreta.,IC1,,llm
fbe93e3d,Software Process Evaluation from User Perceptions and Log Data,10.1002/smr.2438,2022,scopus,scopus_principal,Principal,include,include,"O paper aplica process mining explicitamente a logs de ferramentas de desenvolvimento de software (IC1) para análise de processos de desenvolvimento e geração de recomendações de melhoria. Integra análise de event logs com dados de stakeholders em contexto de SDM, atendendo claramente ao escopo. Nenhum critério de exclusão se aplica — o domínio é SW, o foco é no processo (não software como ferramenta), e há aplicação prática documentada via case study.",IC1,,llm
7eebcd00,"Process Mining Model Integrated with Control Flow, Case, Organizational and Time Perspectives in a Software Development Project",10.1109/CONISOFT55708.2022.00022,2022,ieee,ieee_manual_01,IEEE Manual 01,include,include,"O paper aplica process mining (descoberta e análise de conformance) a artefatos reais de software (Jira, GitHub) para extrair e validar um modelo de processo de desenvolvimento de software, cobrindo múltiplas perspectivas (fluxo de controle, organizacional, caso, tempo). Atende claramente IC1 sem evidências de critérios de exclusão.",IC1,,llm
b5ffb64d,Mining Fork-Including Software Development Traces,10.1007/978-3-031-07481-3_12,2022,scopus,scopus_principal,Principal,maybe,include,"O resumo confirma explicitamente process mining aplicado a artefatos de desenvolvimento de software (880 projetos Java, análise de event logs/traces de desenvolvimento, eventos de ação/observação). A análise de caracterização de forks através de process mining e técnicas estatísticas aborda diretamente a descoberta de padrões em processos de desenvolvimento de software, atendendo claramente IC1. Nenhum EC se aplica.",IC1,,llm
f52cb3e1,Intervention of knowledge flows in software process mining projects,10.1109/ENC56672.2022.9882931,2022,ieee,ieee_manual_01,IEEE Manual 01,include,include,"O paper aplica explicitamente process mining (descoberta de processos, conformance checking e process improvement) a repositórios de uma organização de desenvolvimento de software, atendendo claramente IC1. A validação prática em uma empresa de software mexicana confirma a aplicação em contexto real de processos de SW, sem evidência de exclusão.",IC1|IC4,,llm
eeee1fa8,Identifying Possible Improvements of Software Development Life Cycle (SDLC) Process of a Bank by Using Process Mining,10.1142/S0218194022400010,2022,scopus,scopus_principal,Principal,include,include,"O resumo confirma claramente que o artigo aplica process mining (técnica de descoberta e análise de processos) diretamente ao SDLC de uma organização bancária real, utilizando a ferramenta bupaR para extrair insights de event logs e identificar melhorias no processo de desenvolvimento de software. Atende decisivamente IC1 (Process Mining em Software) sem incidência de critérios de exclusão.",IC1,,llm
e4f9257c,An Intelligent Methodology to Enhance Requirements Engineering in Multidisciplinary Projects,10.1109/CCECE49351.2022.9918286,2022,ieee,ieee_manual_01,IEEE Manual 01,include,include,"O paper claramente aplica process mining a artefatos de desenvolvimento de software (Jira e GitHub) para descobrir deficiências no processo (IC1), e propõe estimativa automatizada de esforço em processos de SW (IC3). Não há evidência de exclusão — o domínio é software, process mining é o método central, e há avaliação prática em caso de uso. A decisão anterior de inclusão é confirmada.",IC1|IC3,,llm
ae9983fa,A Stochastic Petri net Model of Continuous Integration and Continuous Delivery,10.1109/ISSREW55968.2022.00050,2022,scopus,scopus_principal,Principal,include,include,"O paper desenvolve explicitamente um modelo Petri net estocástico para analisar pipelines de CI/CD, atendendo claramente IC2 (modelagem estocástica em processos de SW). Adicionalmente, usa o modelo para prever a probabilidade de entrega bem-sucedida dentro de prazos especificados, atendendo IC3 (forecasting de métricas de processo). Nenhum critério de exclusão se aplica: o domínio é claramente engenharia de software, o modelo é formal e aplicado a processos de desenvolvimento de SW (não é ferram",IC2|IC3,,llm
0587b264,A Data-Centric Approach to Evaluate Requirements Engineering in Multidisciplinary Projects,10.1109/SMC53654.2022.9945270,2022,ieee,ieee_manual_01,IEEE Manual 01,include,include,"O artigo aplica explicitamente process mining (análise de Jira e GitHub) a artefatos de software para descobrir e avaliar o processo de desenvolvimento, identificando deficiências em engenharia de requisitos. Atende claramente IC1 (process mining em artefatos de SW: Jira, GitHub) e IC4 (mineração de repositórios para descoberta de processo). Nenhum critério de exclusão se aplica.",IC1|IC4,,llm
6f295ec6,Using process mining for Git log analysis of projects in a software development course,10.1007/s10639-021-10564-6,2021,scopus,scopus_principal,Principal,maybe,include,"O paper aplica process mining para análise de Git logs de projetos de software em um curso de desenvolvimento. Claramente atende IC1 (process mining aplicado a artefatos de SW - Git logs) e IC4 (mineração de repositórios para descobrir modelos de processo de desenvolvimento). Não há EC aplicável: não é domínio fora de SW, software é o processo sendo estudado, e há avaliação concreta em contexto educacional real de desenvolvimento de software.",IC1|IC4,,llm_pdf
7b0b22ea,Studying Task Processes for Improving Programmer Productivity,10.1109/TSE.2019.2904230,2021,scopus,scopus_principal,Principal,include,include,O artigo claramente atende IC2 ao modelar explicitamente task processes de programadores como Markov chains para análise quantitativa de diferenças de produtividade em processos de desenvolvimento de software. Também atende IC1 ao extrair e analisar padrões de processos a partir de event data (vídeos de tarefas). Nenhum critério de exclusão se aplica.,IC1|IC2,,llm
e3d29a38,SIMPT: Process Improvement Using Interactive Simulation of Time-Aware Process Trees,10.1007/978-3-030-75018-3_40,2021,scopus,scopus_simulation_bridge,Process Mining + Simulation Models (focal V9),include,include,"O paper claramente combina process mining (descoberta de processos a partir de event logs) com simulação interativa de árvores de processo para análise de cenários 'what-if' e melhoria de processos. Atende IC1 (process mining aplicado à extração automática de aspectos de processo de event logs) e IC3 (forecasting/predição de estados futuros do processo através de simulação). Não há aplicação de critérios de exclusão — o domínio é desenvolvimento/melhoria de processos de software, a ferramenta é ",IC1|IC3,,llm
f64a5949,Quantitative evaluation of software component behavior discovery approach,10.1587/transinf.2020MPL0001,2021,scopus,scopus_principal,Principal,include,include,O paper aplica process mining para descoberta de modelos comportamentais a partir de execution logs de software (IC1 confirmado). A abordagem de decomposição por componentes e avaliação quantitativa de complexidade dos modelos descobertos é diretamente relevante ao escopo de process mining em engenharia de software. Nenhum critério de exclusão se aplica.,IC1,,llm
c894f613,Monitoring a CI/CD Workflow Using Process Mining,10.1007/s42979-021-00830-2,2021,scopus,scopus_principal,Principal,maybe,include,"O paper aplica process mining a artefatos e processos de CI/CD (continuous integration/continuous delivery) em contexto de software development, extraindo workflow models de event logs de múltiplas fontes heterogêneas integradas via Apache Kafka. Atende claramente IC1 (Process Mining em Software: PM aplicado a CI/CD pipeline) sem violações de EC.",IC1,,llm_pdf
9c4cc898,Extracting Process Features from Event Logs to Learn Coarse-Grained Simulation Models,10.1007/978-3-030-79382-1_8,2021,scopus,scopus_simulation_bridge,Process Mining + Simulation Models (focal V9),maybe,include,"O paper apresenta uma abordagem clara de process mining (extração de features de event logs) combinada com simulação estocástica (System Dynamics) para criar modelos coarse-grained de processos. Atende IC1 (process mining aplicado a event logs) e IC2 (modelagem estocástica via System Dynamics para processos). Não há evidência de EC decisivo — o domínio de aplicação não é explicitamente não-SW, e a técnica é aplicada a processos de negócio genéricos que abrangem SW.",IC1|IC2,,llm_pdf
db43c22c,Evaluating the Effectiveness of Software Development Processes Based on Probabilistic Causal Models,10.1109/SUMMA53307.2021.9632118,2021,scopus,scopus_principal,Principal,maybe,include,"O resumo confirma claramente IC2: usa Markov chains (modelagem estocástica) para modelar e avaliar processos de desenvolvimento de software (Agile sprints). A abordagem propõe um método matemático baseado em cadeias de Markov para avaliar efetividade de atividades de desenvolvimento, com implementação prática e exemplo de avaliação em contexto de sprint Agile. Nenhum EC se aplica — o foco é explicitamente em processos de SW, não ferramenta de SW.",IC2,,llm
483d7725,DevOps workflow verification and duration prediction using non-Markovian stochastic Petri nets,10.1002/smr.2329,2021,scopus,scopus_fronteira,Fronteira (Stochastic + PM + SE),include,include,"O artigo atende claramente IC2 (modelagem estocástica em processos de SW: usa Petri nets estocásticas não-Markovianas para especificar workflows DevOps) e IC3 (forecasting de métricas de processo: propõe função de densidade truncada para antecipar delays e durações em steps do processo DevOps). O domínio é software/DevOps, o processo de desenvolvimento é o foco principal, há validação prática com MATLAB e caso de uso. Nenhum critério de exclusão se aplica.",IC2|IC3,,llm
f59b10d5,Continuous Build Outcome Prediction: A Small-N Experiment in Settings of a Real Software Project,10.1007/978-3-030-79463-7_35,2021,scopus,scopus_principal,Principal,maybe,include,"O paper atende claramente IC3 (Forecasting de Métricas de Processo): prediz build outcomes (sucesso/falha) usando dados históricos e métricas extraídas do repositório de software em um projeto real de CI/CD. Não há evidência de EC decisivo — o domínio é explicitamente software engineering, a aplicação é em processos de desenvolvimento real, e a avaliação é empírica em ambiente industrial.",IC3,,llm_pdf
abfd6b2e,Business process analysis of programmer job role in software development using process mining,10.1016/j.procs.2021.12.191,2021,scopus,scopus_principal,Principal,maybe,include,"O paper aplica explicitamente process mining (descoberta de workflow a partir de event logs de ferramentas de colaboração) a artefatos de processo de desenvolvimento de software (commit data, logs de colaboração). Atende IC1 com confiança: descobre o fluxo de trabalho (workflow) de programadores usando técnicas de process mining e analisa a qualidade do processo descoberto. Nenhum critério de exclusão se aplica.",IC1,,llm
f36a08fe,Assessing the risk of software development in agile methodologies using simulation,10.1109/ACCESS.2021.3115941,2021,scopus,scopus_principal,Principal,include,include,"O paper atende claramente IC2 (modelagem estocástica em processos de SW: uso de Monte Carlo para simular processo ágil com parâmetros estocásticos) e IC3 (forecasting de métricas de processo: predição de project duration, issue completion time, e effort distribution). Valida a abordagem com dados reais de repositórios JIRA de três projetos open-source. Nenhum critério de exclusão se aplica: o domínio é desenvolvimento de software (não EC1), o foco é o processo de desenvolvimento, não software co",IC2|IC3,,llm
9e450f55,Application of Constructive Modeling and Process Mining Approaches to the Study of Source Code Development in Software Engineering Courses,10.24138/JCOMSS-2021-0046,2021,scopus,scopus_principal,Principal,include,include,"O paper aplica explicitamente process mining (descoberta de event logs a partir de source code history) a artefatos de desenvolvimento de software (commits, mudanças de código). Atende claramente IC1 — process mining em software. Usa modelagem construtiva-sintetizante para classificar mudanças e construir event logs, alinhado a IC2. Nenhum critério de exclusão se aplica: domínio é engenharia de software (ensino de programação), o foco é o processo de desenvolvimento, não software como ferramenta",IC1|IC2,,llm
b123faf2,An analysis of Monte Carlo simulations for forecasting software projects,10.1145/3412841.3442030,2021,scopus,scopus_principal,Principal,include,include,"O paper aplica modelagem estocástica (Monte Carlo simulations) para forecasting de métricas de processo de desenvolvimento de software (delivery date e effort), atendendo claramente IC3 (forecasting de métricas de processo de SW). Utiliza dados históricos de projetos (takt time, FTE allocation) e avalia a acurácia das previsões em contexto agile, sem evidência de exclusão por EC.",IC3,,llm
e89188a6,Agile Planning and Tracking of Software Projects Using the State-Space Approach,10.1007/978-981-16-0404-1_26,2021,scopus,scopus_principal,Principal,maybe,include,"O paper atende IC2 e IC3: propõe uma técnica de rastreamento de projetos ágeis usando state-space approach com simulação Monte Carlo, que é modelagem estocástica aplicada a processos de desenvolvimento de software; inclui avaliação de tracking e previsão de status de projeto através de simulação. O texto completo confirma a aplicação a software projects com método estocástico explícito.",IC2|IC3,,llm_pdf
77fa80cd,A cluster analysis method of software development activities based on event log,10.2174/2666255813666191204144931,2021,scopus,scopus_principal,Principal,include,include,"O artigo aplica claramente process mining a artefatos de desenvolvimento de software (event logs do projeto jEdit), utilizando técnicas de feature extraction (Word2vec) e clustering (K-means) para descoberta e identificação de atividades de desenvolvimento. Atende IC1 sem violações de critérios de exclusão.",IC1,,llm
b7022ac2,Understanding What Software Engineers Are Working on: The Work-Item Prediction Challenge,10.1145/3387904.3389294,2020,acm,acm_principal,ACM Principal,include,include,"O paper aborda explicitamente a predição de work items em processos de engenharia de software, combinando process mining, mining software repositories e machine learning. Atende IC1 (aplicação de process mining a artefatos de SW como work items e workflows) e IC4 (mineração de repositórios e logs de ferramentas para descobrir modelos de processo de desenvolvimento). Nenhum critério de exclusão se aplica — o domínio é claramente engenharia de software, o foco está no processo de desenvolvimento (",IC1|IC4,,llm
7cf00385,Mining Software Repositories for the Characterization of Continuous Integration and Delivery,10.1145/3422392.3422503,2020,scopus,scopus_complementar,Complementar (MSR → Process Modeling),include,include,"O paper atende claramente IC1 e IC4: minera repositórios GitHub (artefatos de SW como commits, builds, CI/CD pipelines) para descobrir e caracterizar padrões de adoção de CI/CD em processos de desenvolvimento de software. Extrai e analisa métricas de event logs estruturados em repositórios. Nenhum EC se aplica — o foco é process mining em SW, não SW como ferramenta.",IC1|IC4,,llm
6e572cbb,Exploration of Process Mining Opportunities In Educational Software Engineering - The GitLab Analyser,,2020,scopus,scopus_principal,Principal,maybe,include,"O paper apresenta aplicação clara de process mining a artefatos de engenharia de software educacional (repositórios GitLab, event logs), com ferramenta (GitLab Analyser) que extrai e analisa logs de desenvolvimento usando PM (Disco). Atende IC1 (PM em artefatos de SW: commits/repositórios) e IC4 (mineração de repositórios para descobrir processos de desenvolvimento). Não há EC decisivo — software é o processo sendo estudado, não ferramenta.",IC1|IC4,,llm_pdf
5029f905,Detecting Sudden Drift for Single-Instance Log in Software Development Process,10.1109/PHM-Besancon49106.2020.00069,2020,ieee,ieee_manual_01,IEEE Manual 01,include,include,"O artigo aplica detecção de drift (técnica central de process mining) especificamente em logs de processos de desenvolvimento de software, utilizando análise de mudanças em relações de sucessão direta para identificar pontos de mudança. Atende claramente IC1 (process mining aplicado a artefatos/logs de SW) e IC4 (mineração de repositórios/logs para descobrir padrões em processos de SW). Nenhum critério de exclusão é decisivo.",IC1|IC4,,llm
15c9808b,DEVELOPMENT OF A TOOLKIT FOR ANALYZING SOFTWARE DEBUGGING PROCESSES USING THE CONSTRUCTIVE APPROACH,10.15587/1729-4061.2020.215090,2020,scopus,scopus_principal,Principal,include,include,"O artigo aplica claramente Process Mining (ProM) para análise de event logs coletados de um IDE (Visual Studio) durante o processo de debugging de software, implementando conformance checking e descoberta de padrões comportamentais. Atende decisivamente IC1 (Process Mining em Software) sem evidência de critérios de exclusão.",IC1,,llm
8a97d0cf,Constructing a Hybrid Software Process Simulation Model in Practice: An Exemplar from Industry,10.1145/3379177.3388906,2020,acm,acm_msr,ACM Complementar MSR,include,include,"O artigo apresenta um projeto industrial de modelagem de processos de software usando simulação híbrida (System Dynamics + Discrete Event Simulation) para prever duração de projetos e datas de lançamento. Atende claramente IC2 (modelagem estocástica em processos de SW) e IC3 (forecasting de métricas de processo). Não há evidência de critérios de exclusão: o foco é o processo de desenvolvimento de software, não software como ferramenta.",IC2|IC3,,llm
8de6dcfa,Connecting software reliability growth models to software defect tracking,10.1109/ISSRE5003.2020.00022,2020,scopus,scopus_markov_testing,Markov + Software Testing (focal V6),include,include,"O paper atende claramente IC2 (modelagem estocástica—Markov chain com 13 estados e matrizes de transição—aplicada ao ciclo de vida de defeitos em processos de SW) e IC3 (forecasting de métricas de processo de SW: previsão de resolução de defeitos e performance usando event log de rastreamento de defeitos). Os modelos Markovianos e distribuições de transição são aplicados diretamente a dados de defect tracking em um projeto real (NASA), sem violações de exclusão.",IC2|IC3,,llm
b788b176,Using constraint mining to analyze software development processes,10.1109/ICSSP.2019.00021,2019,scopus,scopus_principal,Principal,include,include,"O artigo aplica constraint mining (técnica de process mining) a event logs extraídos de Jira para descobrir e analisar processos reais de desenvolvimento de software em quatro projetos, atendendo claramente IC1 (process mining em artefatos de SW—issue tracking). A mineração de restrições permite entender comportamento de processo, detectar desvios e monitorar evolução, sem qualquer critério de exclusão evidente.",IC1|IC4,,llm
c0a779ae,Time Performance Evaluation of Agile Software Development,10.1109/ISEMANTIC.2019.8884304,2019,ieee,ieee_manual_01,IEEE Manual 01,include,include,"O artigo aplica claramente process mining (Alpha++ Algorithm e Heuristic Miner Algorithm) para descoberta de processos em desenvolvimento ágil de software, gerando event logs automaticamente e analisando bottlenecks. Atende IC1 (process mining aplicado a processos de SW com análise de event logs) sem violações de EC.",IC1|IC4,,llm
fbd20bfb,The evolutionary composition of desirable execution traces from event logs,10.1016/j.future.2019.03.037,2019,scopus,scopus_principal,Principal,include,include,"O artigo aplica claramente process mining (análise de event logs de múltiplas organizações) combinado com Genetic Algorithms para otimizar e compor traces de execução de processos. Trabalha com BPIC'15 dataset (event logs reais) e gera traces eficientes, atendendo IC1 (process mining aplicado a artefatos/logs de processos). Nenhum critério de exclusão se aplica.",IC1,,llm
e627756c,Predicting Issue Handling Process using Case Attributes and Categorical Variable Encoding Techniques,10.1109/ICoDSE48700.2019.9092617,2019,ieee,ieee_manual_01,IEEE Manual 01,include,include,"O artigo claramente atende IC3 (forecasting de remaining duration e next activity em processos de SW usando dados históricos) e IC4 (minera repositórios do Google Chromium Project para extrair event logs e melhorar modelos de processo). Usa event logs de repositórios de software, técnicas de predição e avaliação em dados reais de SW, sem violação de critérios de exclusão.",IC3|IC4,,llm
542c0019,Learning analytics to improve coding abilities: a fuzzy-based process mining approach,10.1109/FUZZ-IEEE.2019.8859009,2019,ieee,ieee_manual_01,IEEE Manual 01,include,include,"O artigo aplica claramente process mining (fuzzy miner) a artefatos de desenvolvimento de software (IDE event logs) para descobrir e modelar processos de codificação de estudantes, atendendo IC1. O domínio é explicitamente software (coding workflow), a metodologia é process mining (fuzzy-based), e não há aplicação de exclusões decisivas.",IC1,,llm
be899615,Extracting a Collaboration Model from VCS Logs Based on Process Mining Techniques,10.1007/978-3-030-37453-2_18,2019,scopus,scopus_principal,Principal,maybe,include,"O paper aplica explicitamente process mining techniques (fuzzy mining) à análise de VCS logs para extrair modelos de colaboração em software, atendendo claramente IC1. A demonstração em um VCS real de vida e a metodologia de extração de grafos de processo a partir de logs de controle de versão confirmam a aplicação direta de técnicas de process mining a artefatos de software (VCS logs), sem violação de critérios de exclusão.",IC1,,llm
e6f42f43,Evaluating Coding Behavior in Software Development Processes: A Process Mining Approach,10.1109/ICSSP.2019.00020,2019,ieee,ieee_manual_01,IEEE Manual 01,include,include,"O paper aplica process mining (conformance checking) diretamente a processos de desenvolvimento de software, extraindo event logs de IDE e analisando comportamentos de codificação de desenvolvedores. Atende claramente IC1 (process mining em artefatos de SW — neste caso, IDE logs) sem violar nenhum critério de exclusão. A avaliação em 40 desenvolvedores confirma aplicação prática em contexto de SE.",IC1,,llm
c0352476,Detection of Bottleneck and Social Network in Business Process of Agile Development,10.1109/ISEMANTIC.2019.8884341,2019,scopus,scopus_principal,Principal,include,include,"O paper aplica process mining (algoritmo alpha++) a event logs gerados a partir de processos Agile para descobrir bottlenecks e dependências entre membros do time, atendendo claramente IC1 (Process Mining em Software). A análise de redes sociais complementa a mineração de processos. Nenhum critério de exclusão se aplica — o domínio é software, o focus é o processo de desenvolvimento, e há aplicação concreta de técnicas de PM.",IC1,,llm
2d369fe9,Detecting Bottleneck and Fraud in Agile Development by using Petri net Performance and Trace Clustering,10.1109/ISEMANTIC.2019.8884226,2019,ieee,ieee_manual_01,IEEE Manual 01,include,include,"O paper aplica explicitamente Petri nets para modelar e analisar performance de processos Agile (IC2), detectando gargalos através de análise de traces (IC1). Usa clustering de traces para identificar anomalias em processos de desenvolvimento de software. Nenhum critério de exclusão se aplica: o domínio é claramente engenharia de software, o objeto de estudo é o processo de desenvolvimento (não software como ferramenta), e há avaliação empírica.",IC1|IC2,,llm
f16294f2,Automatic Real-Time Mining Software Process Activities From SVN Logs Using a Naive Bayes Classifier,10.1109/ACCESS.2019.2945608,2019,ieee,ieee_manual_01,IEEE Manual 01,include,include,"O paper aplica process mining (descoberta automática de atividades) diretamente a artefatos de software (SVN logs) usando classificação Naive Bayes para construir event-activity mappings em processos reais de desenvolvimento (ArgoUML e jEdit). Atende claramente IC1 (Process Mining em Software) e IC4 (Mineração de Repositórios para Processo), sem nenhum critério de exclusão aplicável.",IC1|IC4,,llm
588a19f5,Assessing Software Development Teams' Efficiency using Process Mining,10.1109/ICPM.2019.00020,2019,ieee,ieee_manual_01,IEEE Manual 01,include,include,O paper aplica process mining (descoberta e análise de modelos de processo) diretamente a artefatos de desenvolvimento de software (event logs capturados do IDE Eclipse durante atividades de developers) para avaliar e comparar eficiência de equipes. Atende claramente IC1: process mining aplicado a processos de desenvolvimento de software com análise de variantes de processo e conformance contra modelo de referência ('best practice'). Nenhum critério de exclusão se aplica.,IC1,,llm
6cb59310,A User Evaluation of Process Discovery Algorithms in a Software Engineering Company,10.1109/EDOC.2019.00026,2019,ieee,ieee_manual_01,IEEE Manual 01,include,include,"O artigo aplica claramente process discovery (técnica fundamental de process mining) a event logs reais extraídos de uma empresa de engenharia de software, avaliando algoritmos automatizados com métricas de qualidade (understandability, correctness, precision, usefulness) validadas por especialistas do domínio. Atende inequivocamente IC1 sem ativar nenhum critério de exclusão.",IC1,,llm
4e01ae35,Software process analysis methodology-a methodology based on lessons learned in embracing legacy software,10.1109/ICSME.2018.00076,2018,scopus,scopus_principal,Principal,include,include,"O resumo confirma explicitamente aplicação de process mining a software (legacy systems em contexto industrial ASML), atendendo IC1. A metodologia proposta baseia-se em análise de processos de software através de observações do sistema em execução, sem EC decisivo aplicável.",IC1,,llm
4409efef,Predicting bug-fixing time: A replication study using an open source software project,10.1016/j.jss.2017.02.021,2018,scopus,scopus_principal,Principal,maybe,include,O paper claramente atende IC3 (forecasting de métrica de processo de SW): prediz bug-fixing time usando um modelo baseado em Markov e Monte-Carlo simulation aplicado a event logs de Bugzilla Firefox. Nenhum critério de exclusão se aplica—o estudo foca precisamente no processo de desenvolvimento de software (bug handling) com dados reais de repositório.,IC3,,llm_pdf
6f9a5a08,Monitoring the Software Development Process with Process Mining,10.1007/978-3-319-94214-8_34,2018,scopus,scopus_principal,Principal,maybe,include,"O paper aplica process mining a artefatos de software (VCS, issue trackers) para descobrir e monitorar o processo real de desenvolvimento de software, atendendo diretamente IC1. Não há evidência de exclusão (EC). É um position paper que estabelece a ponte entre process mining e mining software repositories, exatamente dentro do escopo PATHCAST.",IC1,,llm_pdf
50d875ff,Kanban and Process Mining in the Task Management,10.1145/3275245.3275286,2018,acm,acm_principal,ACM Principal,include,include,"O paper atende claramente IC1 (aplica process mining a artefatos de SW: Issue Tracking System e Kanban board em desenvolvimento de ERP) e IC3 (usa process mining para estimar tempo de conclusão de atividades e detectar problemas de performance em processos de desenvolvimento de software). Nenhum critério de exclusão se aplica; o foco é genuinamente em processos de desenvolvimento de SW, não apenas em software como ferramenta.",IC1|IC3,,llm
0a07a816,Hierarchical performance analysis for process mining,10.1145/3202710.3203151,2018,scopus,scopus_principal,Principal,maybe,include,"O resumo confirma claramente IC1: aplica process mining (descoberta, conformance, análise de desempenho) a artefatos e processos de software (""software system processes""). O paper apresenta técnicas formais de análise de desempenho em modelos de processo minerados, com implementação e avaliação em processos de sistemas de software, sem evidência de EC decisivo.",IC1,,llm
d0c47271,Automatic Discovery of Behavioral Models From Software Execution Data,10.1109/TASE.2018.2844725,2018,scopus,scopus_principal,Principal,include,include,"O artigo aplica process mining (descoberta de modelos comportamentais) diretamente a dados de execução de software, utilizando event logs de software e técnicas de discovery estendidas para gerar Petri nets hierárquicas. Atende claramente IC1 (process mining em software) sem evidência de EC decisivo.",IC1,,llm
04ab260e,Assessing Agile Software Development Processes with Process Mining: A Case Study,10.1109/CBI.2018.00021,2018,ieee,ieee_manual_01,IEEE Manual 01,include,include,"O artigo aplica process mining (descoberta de workflow e análise de event logs) diretamente a processos de desenvolvimento de software (Scrum/Agile), extraindo comportamentos de processo a partir de logs do Jira. Atende claramente IC1 (Process Mining em Software) sem violação de critérios de exclusão.",IC1,,llm
4082a5b1,Application of process mining in project management context: An exploratory case study in software development projects,,2018,scopus,scopus_principal,Principal,maybe,include,"O texto completo confirma claramente IC1: aplica process mining (discovery, resource e activity analysis) a artefatos de projeto de desenvolvimento de software, analisando event logs de sete projetos reais. Segue modelo estruturado de project mining com análise de processos registrados em sistemas de informação. Nenhum EC se aplica.",IC1,,llm_pdf
223a62e3,Analysis of software repositories using process mining,10.1007/978-981-10-5547-8_65,2018,scopus,scopus_complementar,Complementar (MSR → Process Modeling),maybe,include,"O resumo confirma claramente a aplicação de process mining a artefatos de software (issues e pull requests de repositórios GitHub), atendendo IC1 e IC4. A análise de workflow patterns em repositórios de software é diretamente alinhada ao escopo da SLR PATHCAST. Nenhum critério de exclusão se aplica.",IC1|IC4,,llm
9e341b7f,A structured stochastic model for software project estimation in Waterfall models,10.18293/SEKE2018-033,2018,scopus,scopus_principal,Principal,include,include,"O paper mapeia formalmente características do modelo Waterfall para um modelo estocástico com objetivo explícito de prever índices de desempenho em processos de desenvolvimento de software (tempo de trabalho real, estimativas de projeto). Atende claramente IC2 (modelagem estocástica em processos de SW) e IC3 (forecasting de métricas de processo). Nenhum critério de exclusão se aplica — o domínio é software, o software é objeto de estudo (não ferramenta), e há aplicação concreta a processos de de",IC2|IC3,,llm
ca6989c0,Test Case Generation and Prioritization: A Process-Mining Approach,10.1109/ICSTW.2017.11,2017,ieee,ieee_manual_01,IEEE Manual 01,include,include,"O artigo aplica process mining para minerar logs de interação de usuários com sistemas, gerando e priorizando casos de teste em software. Atende claramente IC1 (PM em SW): descobre padrões de comportamento de usuários através de process mining e os utiliza para gerar artefatos de teste, um processo central em engenharia de software. Nenhum critério de exclusão se aplica.",IC1,,llm
3ef399e6,Process mining applications in software engineering,10.1007/978-3-319-48523-2_5,2017,scopus,scopus_principal,Principal,maybe,include,"O paper apresenta claramente aplicações de process mining em processos de desenvolvimento de software, atendendo IC1. Discute técnicas de descoberta de processos, conformance checking e melhoria de processo aplicadas a software engineering, com exemplos de casos de estudo. Nenhum critério de exclusão se aplica.",IC1,,llm_pdf
4c73b15f,Predicting the unpredictable: Using monte carlo simulation to predict project completion date,10.1007/978-3-319-55907-0_11,2017,scopus,scopus_principal,Principal,maybe,include,"O paper apresenta aplicação de Monte Carlo Simulation para predição de datas de conclusão em projetos de software, atendendo claramente IC3 (forecasting de completion time em processos de SW). Usa dados de throughput histórico de projetos ágeis (event logs implícitos) para calibrar simulações estocásticas. Não há evidência de EC decisivo — o foco é explicitamente em processos de desenvolvimento de software, não em ferramentas genéricas.",IC3,,llm_pdf
b5ea4fdd,Modeling of software development process with the Markov processes,10.15587/1729-4061.2017.103340,2017,scopus,scopus_principal,Principal,maybe,include,"O artigo atende claramente IC2 ao modelar explicitamente processos de desenvolvimento de software usando Markov chains (processos estocásticos). O resumo confirma a aplicação de um modelo matemático formal (Markov) a artefatos de SW em múltiplos níveis de detalhe (componentes, estágios, tarefas), sem indicadores de que seja apenas teórico desconectado de SW.",IC2,,llm
d4a1d75c,Mining projects from structured and unstructured data,,2017,scopus,scopus_principal,Principal,maybe,include,"O paper aborda mineração de artefatos de software (project-generated artifacts, software repositories) para entender processos reais de projetos de software, alinhado com IC4 (mineração de repositórios para descobrir/melhorar modelos de processo de desenvolvimento de SW). Não apresenta evidências de EC decisivo.",IC4,,llm
63e1f0bf,Mining encrypted software logs using alpha algorithm,10.5220/0006408602670274,2017,scopus,scopus_principal,Principal,maybe,include,"O paper aplica process mining (alpha algorithm) para descoberta de modelos de processo a partir de event logs de software, atendendo IC1 (Process Mining em Software). Embora o foco em criptografia/privacidade seja o diferencial técnico, o objetivo central é analisar processos de software via logs, sem violação de EC.",IC1,,llm
08d64489,Mining Collaboration Patterns of Software Development Processes Based on Trace Alignment,10.1145/3084100.3084103,2017,acm,acm_principal,ACM Principal,maybe,include,"O paper aplica explicitamente process mining (trace alignment) a artefatos e logs de processos de desenvolvimento de software para descobrir padrões de colaboração, atendendo claramente IC1. A abordagem minera event logs de desenvolvimento (desenvolvidos em CPNTools) para identificar padrões de processo, sem EC decisivo aplicável.",IC1,,llm
dcbf27d8,Improving Software Maintenance Using Process Mining and Predictive Analytics,10.1109/ICSME.2017.39,2017,ieee,ieee_manual_01,IEEE Manual 01,include,include,"O resumo confirma claramente a aplicação de process mining em repositórios de software para analisar o processo de manutenção (IC1), e o uso de predictive analytics para prever/abordar ineficiências em processos de SW (IC3). Não há indicadores de exclusão; o foco é explicitamente em processos de desenvolvimento/manutenção de software com avaliação em casos reais.",IC1|IC3|IC4,,llm
ec38f0ba,Extracting and Conserving Production Data as Test Cases in Executable Business Process Architectures,10.1016/j.procs.2017.11.130,2017,scopus,scopus_principal,Principal,maybe,include,"O paper aplica process mining (extração de event logs, descoberta de padrões de processo) a artefatos de software crítico (executable business processes em produção) com objetivo de melhorar testes e debugging — alinhado com IC1. Não incorre em EC1 (domínio é SW), EC2 (SW é o objeto de estudo, não ferramenta) ou EC3 (método é avaliado em contexto de processos de SW). A extração de test cases a partir de logs de produção de processos executáveis caracteriza claramente mineração de repositório/log",IC1|IC4,,llm
0d31db29,Applying process mining techniques in software process appraisals,10.1016/j.infsof.2017.01.004,2017,scopus,scopus_principal,Principal,maybe,include,"O paper aplica process mining techniques diretamente em software process appraisals (SCAMPI), demonstrando IC1 (process mining em software). O método desenvolvido (PMEXT-SCAMPI) utiliza event logs para análise de processos de desenvolvimento de software, reduzindo limitações de métodos de avaliação tradicionais. Nenhum critério de exclusão é acionado: o domínio é claramente engenharia de software, process mining é o método primário (não ferramenta), e há avaliação em casos reais.",IC1,,llm
07ddd290,An integrated infrastructure using process mining techniques for software process verification,10.4018/978-1-5225-3923-0.ch061,2017,scopus,scopus_principal,Principal,maybe,include,"O resumo confirma claramente IC1: aplica process mining (algoritmos de PM) para verificação de processos de software, usando dados reais de processos (bug management, task management, defect management) contra modelos de processo definidos. Desenvolveu plugin para EPF Composer que utiliza PM sobre event logs reais de processos de SW. Nenhum EC decisivo identificado.",IC1,,llm
2e76e921,An exploratory study on usage of process mining in agile software development,10.1007/978-3-319-67383-7_14,2017,scopus,scopus_principal,Principal,maybe,include,"O resumo confirma claramente IC1: aplica process mining (descoberta, monitoramento e melhoria de processos) a artefatos de desenvolvimento ágil de software, especificamente em um projeto Scrum. O estudo é explorativo e examina técnicas de PM em contexto de desenvolvimento agile, extraindo conhecimento de event logs. Nenhum critério de exclusão se aplica decisivamente.",IC1,,llm
3d967450,A probabilistic approach to building defect prediction model for platform-based product lines,,2017,scopus,scopus_markov_testing,Markov + Software Testing (focal V6),maybe,include,O artigo atende claramente IC2 (modelagem estocástica com Markov chains aplicada a processos de desenvolvimento de SW) e IC3 (forecasting de métricas de processo — predição de número de defeitos e distribuição em produtos consecutivos). Usa dados de defect tracking systems (DTS) como fonte de event logs e constrói um modelo probabilístico baseado em transições de estados do ciclo de vida de defeitos. Sem EC decisivo.,IC2|IC3,,llm_pdf
632737fb,Verification of lean-kanban processes with probabilistic model checking,10.1504/IJCAT.2016.076799,2016,scopus,scopus_principal,Principal,maybe,include,"O paper aplica Markov chain models e probabilistic model checking (modelagem estocástica) a processos lean-kanban em software maintenance (processo de desenvolvimento de software). Avalia propriedades usando temporal logic e valida contra um case study real com PRISM, atendendo claramente IC2. Nenhum EC decisivo se aplica.",IC2,,llm
16e31373,The v-algorithm for discovering software process lines,10.1002/smr.1778,2016,scopus,scopus_principal,Principal,maybe,include,"O paper propõe o v-algorithm, um método de descoberta de process mining (IC1) aplicado especificamente a logs de processos de software para extrair software process lines (SPrL). O trabalho minera dados de projetos de uma empresa de software real (Mobius) para descobrir estruturas de processo, base process e pontos de variação, alinhando-se diretamente com process mining em artefatos de desenvolvimento de software e não apresentando exclusões decisivas.",IC1,,llm
7ab40121,The Potential of Key Process/Performance Indicators (KPIs) in Automotive Software Quality Management,10.4271/2016-01-0046,2016,scopus,scopus_principal,Principal,maybe,include,"O paper atende IC2 (modelagem estocástica em processos de SW) e IC3 (forecasting de métricas de processo). Apresenta aplicação explícita de 'stochastic analysis methods' para estimar confiabilidade de software, modelar taxa de erros residuais em pontos de release e prever desempenho de falhas em fases de uso, integrando KPIs ao processo de desenvolvimento automotivo. Não há evidência de EC decisivo.",IC2|IC3,,llm
4f816525,"Software Development Process Mining: Discovery, Conformance Checking and Enhancement",10.1109/QUATIC.2016.061,2016,ieee,ieee_manual_01,IEEE Manual 01,include,include,"O paper aplica explicitamente process mining (descoberta e conformance checking) a artefatos de desenvolvimento de software (IDE logs, comportamento de desenvolvedores), atendendo claramente IC1. O foco em descobrir padrões de codificação, comportamentos de programadores e desvios de processos prescritos em ambientes de desenvolvimento demonstra aplicação direta de técnicas de PM a processos de SW sem nenhum critério de exclusão decisivo.",IC1,,llm
2b343650,Process mining for project management,10.1109/SAPIENCE.2016.7684142,2016,ieee,ieee_manual_01,IEEE Manual 01,include,include,"O paper aplica explicitamente process mining (discovery, conformance, Heuristic Miner Algorithm) a event logs de processos de desenvolvimento de software e gerenciamento de projetos em empresas de IT, visando otimizar o Software Development Life Cycle. Atende claramente IC1 (process mining em artefatos/processos de SW) e IC4 (mineração de logs para descoberta de modelos de processo de desenvolvimento de SW). Nenhum critério de exclusão se aplica.",IC1|IC4,,llm
37b22a16,Mining Software Process Lines,10.1145/2889160.2889267,2016,acm,acm_principal,ACM Principal,maybe,include,"O resumo confirma explicitamente a aplicação de process mining techniques a processos de desenvolvimento de software (Software Process Lines). O trabalho visa desenvolver um framework que use técnicas de process mining em famílias de processos no domínio de desenvolvimento de software, minerando event data para descobrir, analisar e aprimorar processos. Isso atende diretamente IC1 (Process Mining em Software) ao aplicar process mining a artefatos/processos de SW.",IC1,,llm
b7fd840a,High productivity programmers use effective task processes in unit-testing,10.1109/APSEC.2015.31,2016,scopus,scopus_principal,Principal,maybe,include,"O paper aplica modelagem estocástica (Markov chains) para analisar e comparar processos de tarefas (task processes) em atividades de desenvolvimento de software (unit-testing), atendendo claramente IC2. A análise quantitativa de diferenças entre processos de programadores de alta e baixa produtividade constitui aplicação direta de modelagem estocástica a processos de SW, sem incidência em critérios de exclusão.",IC2,,llm
00ce8cfe,Anvaya: An Algorithm and Case-Study on Improving the Goodness of Software Process Models Generated by Mining Event-Log Data in Issue Tracking Systems,10.1109/COMPSAC.2016.64,2016,scopus,scopus_complementar,Complementar (MSR → Process Modeling),include,include,"O paper aplica claramente process mining (descoberta e melhoria de modelos de processo) a artefatos de software (Issue Tracking Systems - Bugzilla), minerando event logs de ciclo de vida de bugs para gerar modelos de processo. Atende IC1 sem nenhum critério de exclusão aplicável. A avaliação de texto completo confirma: (1) mining direto de ITS como PAIS, (2) geração de process maps a partir de event traces de software, (3) melhoria dos modelos através de clustering de traces estruturalmente simi",IC1,,llm
c42be0aa,A review on software process mining using petri nets,10.3923/ajaps.2016.131.142,2016,scopus,scopus_principal,Principal,maybe,include,"O texto completo confirma IC1 (Process Mining em Software com Petri Nets) e IC2 (Modelagem Estocástica — Petri Nets — em processos de SW). O paper é uma revisão que aborda explicitamente mining de processos de software usando Petri Nets, síntese de modelos a partir de logs de sistemas de gerenciamento de documentos e versão, alinhado diretamente ao escopo PATHCAST. Nenhum EC decisivo se aplica.",IC1|IC2,,llm_pdf
c149b689,Toward using business process intelligence to support incident management metrics selection and service improvement,10.18293/SEKE2015-110,2015,scopus,scopus_principal,Principal,maybe,include,"O resumo confirma aplicação explícita de Process Mining (descoberta de processo, identificação de gargalos em event logs de incident management) e BPI em artefatos de processos de software (incident management em provedora de IT). Atende IC1 (process mining aplicado a processos de SW) e IC4 (mineração para descoberta e melhoria de modelo de processo). Não há EC decisivo — domínio é claramente software/IT services.",IC1|IC4,,llm
261f6383,The economic impact of software development process choice - Cycle-time analysis and Monte Carlo simulation results,10.1109/HICSS.2015.599,2015,scopus,scopus_principal,Principal,maybe,include,"O paper atende IC2 (modelagem estocástica em processos de SW) e IC3 (forecasting de métricas de processo). Usa Monte Carlo simulation para modelar e comparar cenários de mudança de processo de desenvolvimento de software, com foco explícito em cycle-time como métrica de desempenho. A análise quantitativa de impacto de processo change em SW é core do escopo PATHCAST. Nenhum EC se aplica.",IC2|IC3,,llm
fa561e12,Software process line discovery,10.1145/2785592.2785605,2015,scopus,scopus_principal,Principal,maybe,include,"O paper aplica process mining (mining project logs) para descobrir Software Process Lines em artefatos de SW (project logs de uma empresa real), atendendo claramente IC1 e IC4. O v-algorithm proposto minera logs de projetos para descobrir processos base e variabilidades, sem EC aplicável.",IC1|IC4,,llm
82b3401d,Process mining event logs from FLOSS data: State of the art and perspectives,10.1007/978-3-319-15201-1_12,2015,scopus,scopus_principal,Principal,maybe,include,"O paper atende claramente IC1 ao aplicar process mining (discovery, conformance, extension) a artefatos de FLOSS/open source software (event logs de repositórios). A proposta explícita é usar process mining para descobrir e analisar modelos de processo de desenvolvimento de software a partir de dados de repositórios, que é o cerne da intersecção entre process mining e engenharia de software.",IC1,,llm
b8b5b64e,Probabilistic Approach to Predicting Risk in Software Projects Using Software Repository Data,10.1142/S0218194015500151,2015,scopus,scopus_principal,Principal,maybe,include,"O paper aplica Markov chains (modelagem estocástica, IC2) para predizer risk threat levels em processos de desenvolvimento de software, mapeando atributos de defeitos e seus estados de transição. Utiliza dados de repositório de software para forecasting de métricas de processo de qualidade (IC3/IC4). Nenhum critério de exclusão é decisivo.",IC2|IC3|IC4,,llm
f356af5c,Predicting Release Time for Open Source Software Based on the Generalized Software Reliability Model,10.1109/Agile.2015.19,2015,scopus,scopus_principal,Principal,maybe,include,"O paper aplica modelagem estocástica (Generalized Software Reliability Model baseado em stochastic process) para forecasting de release time em processos de desenvolvimento de software (agile/OSS). Atende IC3 (forecasting de métricas de processo — release date prediction) e IC2 (modelagem estocástica em processos de SW). Não há EC aplicável: o foco é claramente no processo de desenvolvimento de SW, não em confiabilidade isolada ou algoritmo teórico descontextualizado.",IC2|IC3,,llm
ee562777,Mining project-oriented business processes,10.1007/978-3-319-23063-4_28,2015,scopus,scopus_principal,Principal,maybe,include,"O paper aplica process mining (técnica de mining/descoberta de processos) a artefatos de engenharia de software armazenados em VCS (version control systems), gerando modelos de visualização do histórico de trabalho. Atende IC1 (process mining em software, especificamente em commits/histórico de VCS) e IC4 (mineração de repositórios para descobrir modelos de processo de desenvolvimento). Nenhum EC se aplica—o domínio é explicitamente SW, o process mining é o método central, e há avaliação empíric",IC1|IC4,,llm
e23bbc10,Mining Software Development Process Variations,10.1145/2695664.2696046,2015,acm,acm_principal,ACM Principal,maybe,include,"O resumo confirma claramente IC1: aplica process mining (técnica de descoberta e análise de variações) a artefatos de processo de desenvolvimento de software, analisando execution logs para identificar desvios do processo padrão. Nenhum critério de exclusão se aplica — o foco é genuinamente no processo de SW, não em software como ferramenta.",IC1,,llm
53d897a8,Discovery of functional architectures from event logs,,2015,scopus,scopus_principal,Principal,maybe,include,"O artigo aplica process discovery (técnica central em process mining) a event logs de um sistema de software para descobrir arquitetura funcional, comportamento de componentes e fluxos de informação. Atende IC1 (Process Mining em Software): usa process discovery em artefatos/modelos de SW (message sequence charts e event logs) para análise de processos de desenvolvimento/design de software.",IC1,,llm
508f3b5b,Business activity monitoring solution to detect deviations in business process execution,10.1109/SACI.2015.7208243,2015,scopus,scopus_principal,Principal,maybe,include,"O resumo confirma claramente IC1: aplica process mining (descoberta de processos e análise de event logs) a um artefato de software — especificamente, event logs de um processo de desenvolvimento de software em um departamento de TI de grande empresa automotiva. O sistema de alerta detecta desvios em tempo real usando técnicas de process mining (conformance checking implícito), e o contexto é exclusivamente sobre processos de desenvolvimento de software (project management activities em IT depar",IC1,,llm
2647ea07,An integrated infrastructure using process mining techniques for software process verification,10.4018/978-1-4666-7456-1.ch036,2015,scopus,scopus_principal,Principal,maybe,include,"O paper aplica explicitamente process mining (conformance checking) a artefatos e processos de software (bug management, task management, defect management processes), desenvolvendo uma infraestrutura e plugin específicos para verificação de processos de desenvolvimento de SW contra modelos definidos usando dados reais. Atende claramente IC1 sem EC decisivo.",IC1,,llm
2ee3dc10,Ahaan: Software Process Intelligence: Mining Software Process Data for Extracting Actionable Information,10.1145/2723742.2723763,2015,acm,acm_principal,ACM Principal,maybe,include,"O resumo confirma claramente IC1 e IC4: apresenta um framework genérico de Software Process Intelligence que minera dados de Process Aware Information Systems (ITS, VCS) para extrair insights de processos de software. Menciona explicitamente mining de event traces, activities, timestamps de ferramentas de construção de software (issue tracking e version control), que são artefatos de SW cobertos por IC1 e IC4. Nenhum EC se aplica.",IC1|IC4,,llm
ad250ae5,Unsupervised discovery of intentional process models from event logs,10.1145/2597073.2597101,2014,scopus,scopus_principal,Principal,maybe,include,"O paper apresenta Map Miner Method (MMM), uma abordagem que usa Hidden Markov Models para minerar event logs de atividades de usuários em processos de software (caso de estudo: uso da plataforma Eclipse). Atende claramente IC1 (process mining em SW) ao aplicar técnicas de descoberta de modelos de processo a artefatos de software. Não há EC aplicável: o domínio é claramente engenharia de software, a modelagem é orientada ao processo (não apenas ferramenta), e a avaliação ocorre em contexto real d",IC1,,llm
f6edde4a,Rate-based queueing simulation model of open source software debugging activities,10.1109/TSE.2014.2354032,2014,scopus,scopus_markov_testing,Markov + Software Testing (focal V6),maybe,include,"O paper propõe um framework de simulação com filas (rate-based queueing simulation) para modelar atividades de debugging em projetos OSS, caracterizando e modelando processos de desenvolvimento de software. Atende IC2 ao usar modelagem estocástica (queueing theory) para representar processos de SW (debugging), com validação empírica em dados reais de Apache e GNOME. Nenhum critério de exclusão se aplica.",IC2,,llm
932f2a18,"Process mining support for Capability Maturity Model Integration-based software process assessment, in principle and in practice",10.1002/smr.1645,2014,scopus,scopus_principal,Principal,maybe,include,"O paper aplica process mining a processos de software reais (change control process) em contexto industrial, utilizando técnicas de PM para descoberta e análise de processos de desenvolvimento de software, atendendo claramente IC1. Não há critérios de exclusão aplicáveis — o domínio é SW, o PM é aplicado ao processo de SW (não como ferramenta auxiliar), e há avaliação empírica em caso de estudo.",IC1,,llm
6fd30d7e,Process Mining Software Repositories from Student Projects in an Undergraduate Software Engineering Course,10.1145/2591062.2591152,2014,acm,acm_principal,ACM Principal,maybe,include,"O artigo claramente aplica process mining (descoberta, análise de event logs, métricas e visualizações) a artefatos de repositórios de software (wiki, VCS, issue tracking) em contexto educacional de desenvolvimento de software, atendendo IC1 e IC4. Nenhum critério de exclusão se aplica — o software é o objeto de estudo (processo de desenvolvimento), não ferramenta.",IC1|IC4,,llm
3231578f,Process Mining Multiple Repositories for Software Defect Resolution from Control and Organizational Perspective,10.1145/2597073.2597081,2014,acm,acm_principal,ACM Principal,maybe,include,"O paper aplica explicitamente process mining (descoberta de modelo de processo com Disco) a três repositórios de software (ITS, PCR, VCS) para análise de processo de resolução de defeitos, atendendo IC1 de forma clara e inequívoca. O resumo descreve detalhadamente a extração de event logs, descoberta de modelo de processo runtime, análise de controle de fluxo e análise organizacional — componentes centrais de process mining aplicado a artefatos de SW. Nenhum critério de exclusão se aplica.",IC1,,llm
1de657c1,Process Cube for Software Defect Resolution,10.1109/APSEC.2014.45,2014,ieee,ieee_manual_01,IEEE Manual 01,include,include,"O artigo aplica claramente process mining (descoberta de processos, análise de perspectivas de controle de fluxo, tempo e conformance) a artefatos de software (Issue Tracking System, Peer Code Review System, Version Control System) para analisar e comparar o processo de resolução de defeitos em software. Introduz o conceito de process cube como extensão de process mining e demonstra a solução em um caso de estudo real (Google Chromium). Atende IC1 (process mining em software) e IC4 (mineração de",IC1|IC4,,llm
1363926c,Predicting release time based on Generalized Software Reliability Model (GSRM),10.1109/COMPSAC.2014.86,2014,scopus,scopus_principal,Principal,maybe,include,"O paper propõe um modelo estocástico generalizado (GSRM) baseado em processo estocástico para prever datas de release e crescimento de falhas (issues) em OSS. Atende IC2 (modelagem estocástica em processos de SW) e IC3 (forecasting de métricas de processo, especificamente release time). O uso de modelo de confiabilidade estocástico aplicado a repositórios OSS (minera dados de issues/releases) alinha-se ao escopo PATHCAST.",IC2|IC3,,llm
d1ed6154,"Nirikshan: Process Mining Software Repositories to Identify Inefficiencies, Imperfections, and Enhance Existing Process Capabilities",10.1145/2591062.2591080,2014,acm,acm_principal,ACM Principal,maybe,include,"O resumo confirma claramente a aplicação de process mining (descoberta, conformance checking, análise de performance) em repositórios de software (issue tracking, code review), atendendo IC1 e IC4. O trabalho propõe extrair mapas de processos, identificar ineficiências e imperfecções nos processos de desenvolvimento de SW, sem EC decisivo.",IC1|IC4,,llm
829f8c13,"Nirikshan: Mining Bug Report History for Discovering Process Maps, Inefficiencies and Inconsistencies",10.1145/2590748.2590749,2014,acm,acm_principal,ACM Principal,maybe,include,"O paper aplica explicitamente técnicas de process mining (descoberta de processo, análise de desempenho, conformance checking) a artefatos de software (bug report history de Bugzilla), descobrindo process maps, ineficiências e inconsistências em processos de issue management. Atende claramente IC1 (Process Mining em Software) e IC4 (Mineração de Repositórios para Processo), sem evidência de critérios de exclusão.",IC1|IC4,,llm
e58074e0,Applied process mining in software development,10.1109/SACI.2014.6840098,2014,ieee,ieee_manual_01,IEEE Manual 01,include,include,"O artigo aplica process mining (ProM Framework) a event logs de um processo real de desenvolvimento de software (incident records de um release), extraindo modelos de processo, redes organizacionais e informações estatísticas. Atende claramente IC1 (Process Mining em Software: descoberta de processo em artefatos de SW através de event logs). Nenhum critério de exclusão se aplica.",IC1,,llm
c9cdb64d,A process mining approach in Software Development and Testing Process: A case study,,2014,scopus,scopus_principal,Principal,maybe,include,"O paper descreve um case study que aplica process mining (mineração de processos) explicitamente a logs de eventos de um processo real de desenvolvimento e testes de software em uma empresa, usando o framework ProM e algoritmos de mineração (Alpha, Heuristic Mining, Social Network). Atende claramente IC1 — process mining aplicado a artefatos/processos de SW.",IC1,,llm_pdf
e454d548,An integrated infrastructure using process mining techniques for software process verification,10.4018/978-1-4666-4667-4.ch014,2013,scopus,scopus_principal,Principal,maybe,include,"O resumo confirma claramente IC1: aplica process mining (algoritmos de PM) para verificação de processos de software reais (bug management, task management, defect management) através de dados de processo (event logs), com desenvolvimento de ferramenta específica (plugin EPF Composer) e validação em 3 casos de estudo em empresa real. Nenhum EC é decisivo.",IC1,,llm
ceec0a17,Process conformance using CSP,10.1145/2134254.2134278,2012,scopus,scopus_principal,Principal,maybe,include,"O paper trata explicitamente de process conformance checking usando event logs (observações) comparadas contra um modelo de referência (business process). Isso se alinha claramente com IC1 (process mining — conformance checking é uma atividade central de process mining). O contexto é sistemas de informação conscientes de processos em engenharia de software (ISEC 2012), e o método usa CSP/FDR para análise automatizada, indicando avaliação técnica. Nenhum EC se aplica decisivamente.",IC1,,llm
9a84a55d,Improving event correlation for non-process aware information systems,,2012,scopus,scopus_principal,Principal,maybe,include,"O paper aplica process mining (descoberta de processos de negócio) a sistemas não process-aware através de coleta e correlação de eventos em logs, adaptando algoritmos para extrair event logs de sistemas tradicionais. Atende IC1 (Process Mining em Software) ao instrumentar código-fonte para coletar eventos e descobrir padrões de execução, com validação em caso de uso prático.",IC1,,llm
ae20e68e,Egidio: A non-invasive approach for synthesizing organizational models,10.1109/ICSE.2012.6227062,2012,scopus,scopus_principal,Principal,maybe,include,"O paper propõe Egidio, uma ferramenta que minera processos e modelos organizacionais a partir de dados coletados de forma não-invasiva em uma empresa de software, respondendo às questões-chave de processo (what, how, where, who, when, why). Atende claramente IC1 (Process Mining em Software) ao aplicar técnicas de process mining para descobrir processos de desenvolvimento de software a partir de dados coletados em artefatos organizacionais, sem critérios de exclusão decisivos.",IC1,,llm
326da20f,A stochastic simulation model for risk management process,10.1109/APSEC.2012.12,2012,scopus,scopus_principal,Principal,maybe,include,"O resumo confirma modelagem estocástica (IC2) aplicada explicitamente a 'software project risk management process', com construção de simulador e validação. Embora foque em gestão de risco (subdomínio de processos de SW), não se encaixa em EC1 (domínio fora de SW) pois o contexto é claramente engenharia de software/gerenciamento de projetos de software. O artigo atende IC2: 'usa Markov, Monte Carlo, Petri nets estocásticas, ou matrizes de transição para modelar processos de desenvolvimento de SW",IC2,,llm
9249c6bb,A CSP-Theoretic framework of checking conformance of business processes,10.1109/APSEC.2012.110,2012,scopus,scopus_principal,Principal,maybe,include,"O paper aborda conformance checking em event logs comparados com modelos de processo de referência, aplicando CSP para análise automatizada. Atende IC1 (process mining — conformance checking aplicado a logs de eventos), com métricas de fitness e closeness que são técnicas padrão em process mining. Embora o domínio não seja explicitamente SW no resumo, a venue (APSEC) e o contexto de 'business processes' em conferência de engenharia de software sugerem aplicação a processos de desenvolvimento de ",IC1,,llm
d098c91d,Using process mining in software development process management: A case study,10.1109/ICSMC.2011.6083858,2011,ieee,ieee_manual_01,IEEE Manual 01,include,include,"O paper aplica process mining (conformance checking) diretamente a processos de desenvolvimento de software com avaliação prática em event logs reais de 5 anos de uma organização de SW, confirmando claramente IC1. Nenhum critério de exclusão se aplica — o domínio é SW, a aplicação não é meramente ferramental, e há avaliação concreta.",IC1,,llm
c24db118,Toward objective software process information: Experiences from a case study,10.1007/s11219-010-9105-8,2011,scopus,scopus_principal,Principal,maybe,include,O paper claramente apresenta um caso de estudo de process mining aplicado a processos de software (especificamente o processo de Change Control Board em uma empresa industrial). Atende IC1 (process mining em software) pela extração de modelos de processo a partir de dados de projetos de desenvolvimento e análise de processos reais versus processos oficiais. Não há evidência de EC aplicável.,IC1,,llm
c7682ec2,Software process discovery using link analysis,10.1109/ICCSN.2011.6014218,2011,ieee,ieee_manual_01,IEEE Manual 01,include,include,"O paper aplica process discovery (descoberta de processos) a repositórios de software (FreeBSD), mapeando artefatos para atividades de processo e analisando o fluxo de controle do desenvolvimento. Atende claramente IC1 (process mining aplicado a artefatos de SW) e IC4 (mineração de repositórios para descobrir modelos de processo de SW). Nenhum critério de exclusão se aplica.",IC1|IC4,,llm
c517c93f,Process Mining Software Repositories,10.1109/CSMR.2011.5,2011,ieee,ieee_manual_01,IEEE Manual 01,include,include,"O artigo aplica process mining técnicas (descoberta de processos) diretamente a repositórios de software (VCS, bug trackers, mail archives) para analisar processos de desenvolvimento de software, implementando a abordagem em FRASR. Atende claramente IC1 (process mining em software com event logs de repositórios) e IC4 (mineração de repositórios para descoberta de modelos de processo). Nenhum critério de exclusão se aplica.",IC1|IC4,,llm
51b4ae2b,Performance Evaluation of Software Development Teams: A Practical Case Study,10.1016/j.entcs.2011.09.006,2011,scopus,scopus_principal,Principal,maybe,include,"O paper aplica Stochastic Automata Networks (SAN) para modelar e prever o desempenho de times de desenvolvimento de software, atendendo IC2 (modelagem estocástica em processos de SW). O estudo usa o modelo para fazer predições sobre métricas de desempenho e valida contra observações reais do projeto, alinhado também a IC3 (forecasting de métricas de processo). Não há EC decisivo — o domínio é exclusivamente engenharia de software (times de desenvolvimento), e o SW é o objeto do processo estudado",IC2|IC3,,llm
84315802,Monte Carlo simulation based estimations: Case from a global outsourcing company,10.1109/ITMC.2011.5996034,2011,scopus,scopus_principal,Principal,maybe,include,"O resumo confirma claramente IC2: desenvolve notações e modelos estocásticos (Markov implícito em simulação Monte Carlo) para representar variações em processos de engenharia de software, e constrói ferramenta de simulação Monte Carlo testada em organização de desenvolvimento de software. Aplicação concreta a processos de desenvolvimento (fases do ciclo de vida de projetos de software) sem EC decisivo.",IC2,,llm
917d9592,Follow-the-sun methodology in a stochastic modeling perspective,10.1109/ICGSE-W.2011.26,2011,scopus,scopus_principal,Principal,maybe,include,"O paper aplica modelagem estocástica (IC2) explicitamente a processos de desenvolvimento de software distribuído (Follow-the-Sun), com objetivo de mapear características do processo a modelos estocásticos para prever índices de desempenho (disponibilidade, avaliação de risco). Atende IC2 — modelagem estocástica em processos de SW — sem aplicação de EC.",IC2,,llm
f449ac41,Conformance checking of software development processes through process mining,,2011,scopus,scopus_principal,Principal,include,include,"O título explicita claramente 'conformance checking' e 'process mining' em 'software development processes', atendendo IC1. Contudo, o resumo está ausente, impossibilitando verificação rigorosa do escopo, metodologia e se algum EC se aplica. A conferência (SEKE 2011) é repositório confiável, e o título sugere forte relevância marginal. Texto completo é necessário para confirmar inclusão na fase 2. Decisão manual por título inequívoco.",IC1,,manual
4316248d,Conformance analysis on software development: An experience with process mining,10.1504/IJBPIM.2011.040203,2011,scopus,scopus_principal,Principal,maybe,include,"O resumo confirma claramente IC1: aplica process mining (conformance analysis, event logs) a artefatos e processos de desenvolvimento de software (activity records de um projeto de software maintenance). Não há evidência de EC decisivo — o estudo é específico de SW development, não genérico BPM.",IC1,,llm
266210a7,A simulation model for process-centered software engineering environments using sensitivity analysis,10.1109/WEIT.2011.21,2011,scopus,scopus_principal,Principal,maybe,include,"O resumo confirma explicitamente a implementação de um modelo de simulação integrado a um ambiente de engenharia de software centrado em processos, com capacidade de manipular dados de forma determinística ou estocástica. A abordagem usa dados reais de um estudo de caso e análise de sensibilidade para identificar variáveis de impacto, alinhando-se diretamente com IC2 (modelagem estocástica em processos de SW). Não há evidências de EC aplicáveis.",IC2,,llm
c113bf1b,Software Process Recovery: Recovering Process from Artifacts,10.1109/WCRE.2010.46,2010,ieee,ieee_manual_01,IEEE Manual 01,include,include,"O artigo aborda diretamente a recuperação de processos de desenvolvimento de software a partir de artefatos (VCS, bug trackers, mailing lists) usando técnicas de análise e machine learning. Atende claramente IC1 (process mining em software — análise de artefatos para descoberta de processo) e IC4 (mineração de repositórios para descobrir modelos de processo de SW). Nenhum critério de exclusão se aplica.",IC1|IC4,,llm
a222ef2c,Foundations for Event-Based Process Analysis in Heterogeneous Software Engineering Environments,10.1109/SEAA.2010.52,2010,ieee,ieee_manual_01,IEEE Manual 01,include,include,"O paper apresenta uma abordagem explícita para análise de processos baseada em eventos (event-based process analysis) aplicada a processos de engenharia de software, integrando dados de múltiplas ferramentas de desenvolvimento. Atende claramente IC1 (análise de event logs de processos de SW para monitoramento e melhoria) e IC4 (mineração de dados de repositórios/ferramentas de engenharia para descobrir e comparar modelos de processo). Não há evidência de EC aplicáveis.",IC1|IC4,,llm
ba2ff831,A stochastic model for optimizing the patching time of software bugs,,2010,scopus,scopus_principal,Principal,maybe,include,"O paper propõe um modelo estocástico (stochastic renewal model) para otimizar o tempo de correção de bugs em software, alinhando-se claramente com IC2 (modelagem estocástica em processos de SW). O trabalho modela o ciclo de vida do bug e utiliza dados de vulnerabilidades reais (Nimda, Debian) para validar o modelo, demonstrando aplicação prática a processos de SW. Nenhum critério de exclusão é decisivo.",IC2,,llm_pdf
ddeca0e6,Using process mining metrics to measure noisy process fidelity,10.14236/ewic/ease2009.16,2009,scopus,scopus_principal,Principal,maybe,include,"O artigo aplica métricas de conformance de process mining (Rozinat e Aalst) a event logs de um processo real de desenvolvimento de software (Extreme Programming), medindo a fidelidade entre o processo executado e o modelo prescritivo. Atende claramente IC1 (process mining em software — conformance analysis em artefatos/eventos de SW) sem violar critérios de exclusão.",IC1,,llm
fcc830f6,Software development of a globally distributed multicomponent project: A theoretical model and simulations,10.1080/1097198X.2009.10856496,2009,scopus,scopus_principal,Principal,maybe,include,"O paper atende IC2 (Modelagem Estocástica em Processos de SW): utiliza funções de produção empíricas, distribuições estocásticas e simulações Monte Carlo para modelar a dinâmica de projetos distribuídos de desenvolvimento de software, comparando predições com dados observacionais reais de projetos industriais. Não há EC decisivo aplicável.",IC2,,llm
e856dbe4,Mining objective process metrics from repository data,,2009,scopus,scopus_principal,Principal,maybe,include,"O resumo confirma claramente IC1 e IC4: extrai métricas de processo de software a partir de repositórios (bug tracker e configuration management event log), analisando o processo em si (não artefatos/desenvolvedores). Minera dados reais de repositórios para descobrir e visualizar processos de desenvolvimento de software. Nenhum EC se aplica.",IC1|IC4,,llm
ee5ccaa2,Discovering changes of the change control board process during a software development project using process mining,10.1007/978-3-642-04133-4_11,2009,scopus,scopus_principal,Principal,include,include,"O título e resumo deixam claro que o paper aplica process mining techniques para descobrir o Change Control Board process em um projeto de desenvolvimento de software, atendendo explicitamente IC1. O contexto é de avaliação e melhoria de processos de software baseado em análise de deviações entre modelo prescrito e prática real, sem indicadores de exclusão.",IC1,,llm
917f238d,Applicability of Process Discovery Algorithms for Software Organizations,10.1109/SEAA.2009.87,2009,ieee,ieee_manual_01,IEEE Manual 01,include,include,"O paper apresenta um case study aplicando explicitamente algoritmos de process discovery e process mining para modelar processos de desenvolvimento de software em organizações, comparando modelos descobertos com processos reais. Atende claramente IC1 (Process Mining em Software: aplica process mining/process discovery a processos de SW) sem evidência de EC decisivos. A aplicação é direta a artefatos/processos de engenharia de software, não a outro domínio.",IC1,,llm
7e6b3f9f,Uma Experiência em Mineração de Processos de Manutenção de Software,10.1145/1809980.1810047,2008,acm,acm_principal,ACM Principal,maybe,include,"O resumo confirma claramente IC1: aplica process mining a artefatos/processos de software (manutenção de software), utilizando event logs de sistemas de suporte à decisão e métricas de software. O trabalho é um estudo de caso explorató rio em contexto real de operação de software, sem indicadores de exclusão.",IC1,,llm
40bc718e,Probabilistic analysis of process economics,10.1002/spip.362,2008,scopus,scopus_fronteira,Fronteira (Stochastic + PM + SE),maybe,include,"O paper aplica explicitamente cadeias de Markov absorventes (modelagem estocástica) para analisar processos de desenvolvimento de software, permitindo prever impacto de variações nos processos sobre esforço e duração de projetos. Atende IC2 (modelagem estocástica em processos de SW) com clareza, sem incidência de EC.",IC2,,llm
0fcd5ece,A method for stochastic modeling the software development process in constrained resource environments,10.1109/SIEDS.2008.4559698,2008,scopus,scopus_fronteira,Fronteira (Stochastic + PM + SE),maybe,include,"O resumo confirma claramente IC2: apresenta método de modelagem estocástica (Monte Carlo simulation) aplicado especificamente a processos de desenvolvimento de software (software development process), com objetivo de diagnóstico e melhoria de processo. Não há EC aplicável — software é o domínio sendo estudado, não ferramenta.",IC2,,llm
e9a40e7a,The economic impact of software process variations,10.1007/978-3-540-72426-1_22,2007,scopus,scopus_fronteira,Fronteira (Stochastic + PM + SE),maybe,include,O paper atende IC2 (modelagem estocástica em processos de SW): utiliza absorbing Markov chains para modelar variações de processos de desenvolvimento de software e predizer impacto econômico de mudanças de processo (teste isolado) em esforço e duração em contexto real (BMW). Não há EC aplicável.,IC2,,llm
d7b22f54,Quantitative analysis of value-based software processes using decision-based stochastic object petri-nets,10.1109/APSEC.2007.78,2007,scopus,scopus_principal,Principal,maybe,include,"O resumo confirma claramente IC2: propõe Decision-Based Stochastic Object Petri Nets (DB-SOPN) para modelagem quantitativa de processos de software baseados em valor (VBSP), combinando teoria estocástica com Petri nets para análise de processos de desenvolvimento de software. A aplicação a processos de SW é explícita (software process lifecycle, stakeholder perspectives, policy comparison). Nenhum EC se aplica.",IC2,,llm
3ddbfd94,Process mining framework for software processes,10.1007/978-3-540-72426-1_15,2007,scopus,scopus_principal,Principal,maybe,include,"O resumo confirma explicitamente a aplicação de process mining a artefatos de software (SCM systems, commits, documentos), atendendo IC1 de forma clara. O paper apresenta um framework e abordagem algorítmica para descobrir e analisar modelos de processo de software a partir de dados de SCM, sem evidência de critérios de exclusão.",IC1,,llm
ae4f4926,Modeling uncertainties involved with software development with a stochastic Petri net,10.1111/j.1468-0394.2006.00411.x,2006,scopus,scopus_principal,Principal,maybe,include,"O paper atende claramente IC2 — propõe uma abordagem de modelagem estocástica (Petri nets estocásticas generalizadas + algoritmo de Markov) aplicada explicitamente ao processo de desenvolvimento de software para gestão de incertezas e riscos. Demonstra o modelo com caso real, confirmando aplicação concreta. Nenhum critério de exclusão se aplica.",IC2,,llm
2c280053,"Experiences in discovering, modeling, and reenacting open source software development processes",10.1007/11608035_36,2006,scopus,scopus_principal,Principal,maybe,include,"O paper apresenta uma abordagem para descoberta, modelagem e simulação de processos de desenvolvimento de software em projetos OSSD, analisando artefatos públicos (código, mensagens, páginas Web) e padrões de atualização. Isso claramente atende IC1 (Process Mining em Software — análise de artefatos de SW para descobrir workflows) e IC4 (Mineração de Repositórios para Processo — extração de repositórios públicos para descobrir modelos de processo de desenvolvimento de software). Não há EC decisiv",IC1|IC4,,llm_pdf
be942093,"Discovering, modeling, and re-enacting open source software development processes: A case study",10.1142/9789812774460_0001,2006,scopus,scopus_principal,Principal,maybe,include,"O paper apresenta claramente descoberta e modelagem de processos de software em projetos OSS (NetBeans), utilizando análise de artefatos, event logs e padrões de repositório. Atende IC1 (process mining em software) ao analisar estrutura, padrões de atualização e comunicação em espaços web de informação do projeto. Não há indicadores de exclusão decisivos.",IC1,,llm_pdf
cdf1f104,An exploratory study of process enactment as input to software process improvement,10.1145/1137702.1137711,2006,scopus,scopus_principal,Principal,maybe,include,"O paper aborda explicitamente process mining em artefatos de execução de software (IC1: 'mining project enactment data' e 'process model recovery'), com metodologia aplicada a uma organização real e objetivo claro de melhoria de processo de desenvolvimento (IC4). Não há evidência de exclusão decisiva.",IC1|IC4,,llm
df3ad75a,A Systematic Approach to Process Enactment Analysis as Input to Software Process Improvement or Tailoring,10.1109/APSEC.2006.14,2006,ieee,ieee_manual_01,IEEE Manual 01,include,include,O paper apresenta um método sistemático de mineração de dados de enactment de projetos de software para recuperar modelos de processo reais e compará-los com processos predefinidos. Atende claramente IC1 (process mining aplicado a artefatos e dados de software para descoberta de processo) e IC4 (mineração de dados de projeto para descobrir e melhorar modelos de processo de desenvolvimento). Nenhum critério de exclusão se aplica.,IC1|IC4,,llm
a20e7c58,Modeling distributed software defect removal effectiveness in the presence of code churn,10.1016/j.mcm.2004.10.021,2005,scopus,scopus_principal,Principal,maybe,include,"O paper propõe modelos discretos de remoção de defeitos que aplicam modelagem estocástica (Monte-Carlo simulation) a processos de testing em ambiente de desenvolvimento distribuído, considerando dinâmica de code churn. Atende IC2 (modelagem estocástica em processos de SW) e IC3 (forecasting de métricas de processo — estimação de defeitos remanescentes). Sem evidência de EC decisivo.",IC2|IC3,,llm_pdf
3c810db6,Linking software process modeling with Markov decision theory,,2004,scopus,scopus_principal,Principal,maybe,include,"O resumo confirma claramente IC2: formaliza um modelo dinâmico de processo de software como Markov Decision Process (MDP) discreto no tempo, explicitamente para capturar feedback entre atividades de desenvolvimento e seus efeitos em custo e schedule. Aplica modelagem estocástica (MDP) diretamente a processos de desenvolvimento de software, com estratégias ótimas computadas. Nenhum EC se aplica.",IC2,,llm
96767878,Analysis of software fault removal policies using a non-homogeneous continuous time Markov chain,10.1023/B:SQJO.0000034709.63615.8b,2004,scopus,scopus_markov_testing,Markov + Software Testing (focal V6),include,include,"Título indica claramente aplicação de Markov chain (não-homogênea, tempo contínuo) a políticas de remoção de falhas em software, atendendo IC2. Porém, o resumo está completamente ausente. Na fase 1, a inclusão baseou-se apenas no título; para fase de texto completo é necessário validar se o artigo efetivamente (1) modela processo de software com estocástico, (2) não cai em EC1/EC2/EC3, e (3) fornece avaliação empírica. Sem abstract verificável, não é possível confirmar escopo, contribuição, ou e. Decisão manual por título inequívoco.",IC2,,manual
9c255853,Empirical analysis in software process simulation modeling,10.1016/S0164-1212(00)00006-6,2000,scopus,scopus_principal,Principal,maybe,include,"O paper trata explicitamente de modelagem estocástica (Monte Carlo simulation) aplicada a processos de software development, abordando questões empíricas de calibração de modelos com dados reais, validação e avaliação de outputs. Atende claramente IC2 (Modelagem Estocástica em Processos de SW) sem incidência de critérios de exclusão.",IC2,,llm
07e55287,Discovering Models of Software Processes from Event-Based Data,10.1145/287000.287001,1998,acm,acm_principal,ACM Principal,maybe,include,O resumo confirma claramente IC1 e IC2: desenvolve técnica de process discovery aplicada a dados de eventos de processos de software para gerar modelos formais; descreve especificamente método Markov (modelagem estocástica) para descoberta de processos de software em caso industrial. Nenhum critério de exclusão se aplica.,IC1|IC2,,llm
87bce30b,Automating Process Discovery through Event-Data Analysis,10.1145/225014.225021,1995,ieee,ieee_manual_01,IEEE Manual 01,include,include,"O artigo descreve explicitamente técnicas de process discovery usando event data de processos de software em andamento, incluindo modelagem de Markov e inferência de gramática. Atende claramente IC1 (process mining aplicado a processos de SW) e IC2 (modelagem estocástica via Markov models para processos de SW). Nenhum critério de exclusão se aplica.",IC1|IC2,,llm
