internal_id,ft_priority_band,title,doi,year,source_db,ta_decision,ta_matched_ic,ft_rationale,ft_screened_by
8c42d0fe,C,Agile Development with Software Process Mining,10.1145/2600821.2600842,2014,acm,maybe,IC1,"O resumo disponível é extremamente curto e não descreve a metodologia, resultados ou aplicação específica de process mining. Embora o título seja fortemente sugestivo de IC1 (process mining em desenvolvimento ágil de software) e a venue seja apropriada, o resumo não fornece evidência suficiente sobre o escopo real do trabalho, se efetivamente aplica técnicas de PM a artefatos de SW, ou se a abordagem é apenas conceitual/prescritiva. Requer acesso ao texto completo para decisão conclusiva.",llm
44d6a32e,D,An Approach Based on Process Mining Techniques to Support Software Development,10.1007/978-3-031-08246-7_2,2023,scopus,maybe,IC1,"PDF inacessível: não disponível em Unpaywall, Semantic Scholar nem OpenAlex. Capítulo de livro Springer atrás de paywall sem versão OA.",manual_oa_search
6778e0d5,D,Analyzing Side-Tracking of Developers Using Object-Centric Process Mining,10.1007/978-3-031-96841-9_2,2026,scopus,maybe,IC1,"PDF inacessível: não disponível em Unpaywall, Semantic Scholar nem OpenAlex. Capítulo de livro Springer atrás de paywall sem versão OA.",manual_oa_search
e69d723f,C,Process mining can be applied to software too!,10.1145/2652524.2652583,2014,scopus,maybe,,"O título é altamente sugestivo de aplicação de process mining a software (IC1), publicado em venue de grande relevância (ESEM 2014). Porém, o resumo disponível é extremamente genérico, descrevendo apenas o escopo geral de process mining em negócios sem confirmar a aplicação concreta a artefatos de SW (commits, issues, PR, CI/CD) ou processos de desenvolvimento de software. É necessário acesso ao texto completo para validar se há avaliação ou case study em contexto de software.",llm
1303e41e,D,Scheduling quality related activities in incremental software development projects based on Monte Carlo simulation,10.3923/itj.2012.751.759,2012,scopus,maybe,IC2,"O título indica fortemente uso de Monte Carlo (IC2 — modelagem estocástica) em atividades de qualidade em desenvolvimento incremental de software, sugerindo relevância ao escopo PATHCAST. Porém, a ausência completa de resumo impede confirmação de que o paper realmente modela processos de SW (versus usar simulação como ferramenta auxiliar) e não há evidência textual de que analisa descoberta, conformance ou otimização de processos. Texto completo é necessário para validar se o foco está em proces",llm_pdf
7d24e94c,E,COLORED PETRI NETS SIMULATION ON THE CLOUD WITH PYTHON: A FRAMEWORK OVERVIEW,10.24507/icicelb.13.07.725,2022,scopus,maybe,,"O resumo está ausente e o título menciona Colored Petri Nets (método estocástico relevante para IC2), mas sem conteúdo do artigo é impossível determinar se a aplicação é em processos de software ou em domínio genérico de BPM/simulação. Texto completo é necessário para avaliar contexto de aplicação e conformidade com escopo PATHCAST.",llm
5c0f6282,E,Concept drift detection and localization framework based on behavior replacement,10.1007/s10489-022-04341-2,2023,scopus,maybe,,"O resumo está ausente e a fonte bibliográfica não foi verificada. O título menciona 'concept drift detection' e 'behavior replacement', terminologia potencialmente relevante para process mining dinâmico, mas sem acesso ao conteúdo é impossível confirmar se o trabalho se aplica a processos de software (IC1/IC4) ou se é genérico (manufatura, BPM, healthcare). Dado que a fase 1 registrou 'maybe' e o título sugere relevância marginal a análise de comportamento/processos, justifica-se 'pending' com e",llm
140c9afd,E,Continuous build outcome prediction: an experimental evaluation and acceptance modelling,10.1007/s10489-023-04523-6,2023,scopus,maybe,,"O título sugere predição de outcomes de builds em CI/CD (potencialmente IC3), mas o abstract está ausente. Sem acesso ao texto completo, não é possível confirmar: (1) se utiliza process mining ou modelagem estocástica de processos de SW, (2) se analisa event logs de processo, ou (3) se é meramente classificação de falhas de build sem análise de processo. A relevância marginal justifica 'pending' em vez de exclusão imediata, mas requer acesso ao texto completo para decisão fundamentada.",llm
6ef49a7b,E,Extracting high-level activities from low-level program execution logs,10.1007/s10515-024-00441-0,2024,scopus,maybe,,"Resumo ausente e conteúdo completo não fornecido. O título sugere extração de atividades de alto nível a partir de logs de execução, potencialmente relevante para IC1 (process mining em software) ou IC4 (mineração de artefatos), mas a ambiguidade entre análise de logs de programas em geral versus processos de desenvolvimento de software não pode ser resolvida sem o texto completo. A publicação em Automated Software Engineering reforça possível relevância, justificando pending em vez de exclusão ",llm
a909cbd7,E,Hidden Markov Model Approach for Software Reliability Estimation with Logic Error,10.1007/s11633-019-1214-7,2020,scopus,maybe,,"Título indica aplicação de Hidden Markov Model (HMM) a confiabilidade de software, alinhado potencialmente com IC2 (modelagem estocástica em processos de SW). Contudo, ausência completa de abstract impede confirmação se: (1) o escopo é processo de desenvolvimento de software ou estimativa de confiabilidade de código/sistema (potencialmente fora de escopo); (2) utiliza event logs ou dados de repositório; (3) foca em dinâmica de processo ou apenas em artefatos finais. Necessário acesso ao texto co",llm
d6bdf278,E,"Interactive creation, visualization, and exploration of process model collections",10.1007/s10270-025-01346-6,2026,scopus,maybe,,"Resumo ausente e conteúdo do texto completo não fornecido. O título sugere foco em visualização e exploração de modelos de processo, potencialmente relevante para process mining, mas sem acesso ao texto completo é impossível determinar se aborda processos de software, se aplica modelagem estocástica, forecasting ou se trata de BPM genérico desconectado do escopo PATHCAST.",llm
9f28655a,E,Linear and non-linear bayesian regression methods for software fault prediction,10.1007/s13198-021-01582-1,2022,scopus,maybe,,"Resumo ausente impede avaliação definitiva. Título sugere predição de falhas em software (potencialmente IC3), mas não esclarece se trata de falhas em processos de desenvolvimento com dados de event logs, ou apenas predição de defeitos em código/produto. Contexto PATHCAST requer certeza sobre aplicação a processos de SW e fonte de dados; sem abstract, a distinção entre defect prediction (fora do escopo) e process-aware forecasting (dentro do escopo) não pode ser estabelecida.",llm
ecc17ad4,E,Markov model based coverage testing of deep learning software systems,10.1016/j.infsof.2024.107628,2025,scopus,maybe,,"O abstract está ausente, impedindo avaliação rigorosa contra critérios de inclusão. O título menciona 'Markov model' (sugestivo de IC2) e 'software systems', mas não esclarece se o modelo é aplicado a processos de desenvolvimento de SW ou apenas a testes/validação de sistemas de deep learning. A relevância ao escopo PATHCAST (process mining + estocástico + forecasting em processos de SW) permanece incerta sem o texto completo.",llm
ed7517ca,E,"Process mining: software comparison, trends, and challenges",10.1007/s41060-022-00379-0,2023,scopus,maybe,,"Título fortemente sugere relevância ao escopo (process mining em software), mas ausência de abstract impossibilita avaliação conclusiva do conteúdo, metodologia, e atendimento aos critérios de inclusão específicos (IC1-IC4). Classificado como review/survey em 2023 — requer acesso ao texto completo para determinar se trata efetivamente de process mining aplicado a SW ou constitui revisão secundária fora do escopo (EC4).",llm
284e1145,E,The use of knapsack 0/1 in prioritizing software requirements and Markov chain to predict software success,10.1007/s41870-023-01476-4,2024,scopus,maybe,,"Título sugere potencial relevância a IC2 (Markov chain para modelagem de processo de SW) e IC3 (predição de sucesso em SW), porém o abstract está ausente. Sem acesso ao texto completo, não é possível confirmar: (1) se a aplicação de Markov chain é efetivamente ligada a processos de desenvolvimento de software ou se é uso genérico; (2) se 'software success' refere-se a predição de métricas de processo (IC3) ou a contexto distinto; (3) o papel do knapsack 0/1 e sua relação com o escopo PATHCAST. A",llm
340129d0,D,An approach to the discovery of accurate and expressive fix-time prediction models,10.1007/978-3-319-22348-3_7,2015,scopus,maybe,IC3,"PDF inacessível: não disponível em Unpaywall, Semantic Scholar nem OpenAlex. Capítulo de livro Springer atrás de paywall sem versão OA.",manual_oa_search
98176bab,E,Data Mining for Software Repositories with Data Analytics for Feature Extraction and Classification Using Deep Learning Model,,2022,scopus,maybe,,"Abstract ausente impede confirmação conclusiva de foco em process mining, modelagem estocástica ou forecasting aplicados a processos de SW. Título menciona 'data mining for software repositories' (potencial IC4) e 'deep learning', mas sem resumo não é possível verificar se o trabalho efetivamente modela processos de desenvolvimento, minera event logs de SW, ou apenas classifica artefatos de código isoladamente.",llm
d85e3fdf,D,Introduction to integration of the process mining to the knowledge framework for software processes,10.1007/978-3-319-29504-6_4,2016,scopus,maybe,IC1,"PDF inacessível: não disponível em Unpaywall, Semantic Scholar nem OpenAlex. Capítulo de livro Springer atrás de paywall sem versão OA.",manual_oa_search
c88bc49d,E,Petri nets simulation for operational analytics based on process data: An overview,10.24507/icicelb.09.10.1033,2018,scopus,maybe,,"O resumo está ausente e não foi verificado. Embora o título sugira forte relevância para IC2 (modelagem estocástica com Petri nets) e potencialmente IC1 (process mining com dados de processo), é impossível confirmar sem o texto completo: (1) se o domínio é software ou genérico; (2) se 'process data' refere-se a logs de software ou outros contextos; (3) se há aplicação prática a processos de SW. A decisão na fase 1 foi 'maybe' justamente por essa insuficiência. Recomenda-se obtenção do texto comp",llm
b3761573,E,Process mining of a multi-agent business simulator,10.1007/s10588-018-9268-6,2018,scopus,maybe,,"Título menciona 'process mining' e 'multi-agent business simulator', sugerindo possível relevância para PM. Porém, sem resumo disponível, é impossível confirmar se a simulação aborda processos de desenvolvimento de software (IC1, IC4) ou se trata apenas de simulação de negócios genérica (potencial EC1 — domínio fora de SW). Contexto do venue (Computational and Mathematical Organization Theory) aponta para aplicação em sistemas organizacionais amplos, não necessariamente SW. Necessário acesso ao ",llm
e3a18e5e,E,Research on building software usage model based on UML model,10.1007/s13198-017-0619-3,2018,scopus,maybe,,"Resumo ausente torna impossível confirmar se o paper aborda process mining, modelagem estocástica ou forecasting em processos de desenvolvimento de software. O título menciona 'UML model' e 'software usage model', mas é insuficiente para determinar se se enquadra nos ICs da SLR PATHCAST. Título sugere possível relevância marginal (modelagem de software), justificando pending em vez de exclusão automática.",llm
a21c9dff,D,Simkan: Training kanban practices through stochastic simulation,10.1007/978-3-319-55907-0_10,2017,scopus,maybe,IC2,PDF não localizado durante busca manual; texto completo inacessível.,manual_no_pdf
c14355db,E,Agent-Based Business Process Simulation: A Primer with Applications and Examples,10.1007/978-3-030-98816-6,2022,scopus,maybe,,"Resumo completamente ausente impede avaliação de inclusão/exclusão conclusiva. Título menciona 'Agent-Based Business Process Simulation' que poderia indicar modelagem estocástica (IC2) ou métodos de simulação para processos, mas sem abstract é impossível confirmar: (a) se aplica-se especificamente a processos de software (vs. genérico de BPM); (b) se usa métodos estocásticos ou apenas simulação discreta; (c) se há avaliação em dados reais de SW. Evidência insuficiente para inclusão forte.",llm
6f5e6f89,D,Agile estimation with monte carlo simulation,10.1007/978-3-540-68255-4_17,2008,scopus,maybe,IC2,PDF não localizado durante busca manual; texto completo inacessível.,manual_no_pdf
9ae84d72,E,Analyzing the effect of imperfect debugging on software fault detection and correction processes via a simulation framework,10.1016/j.mcm.2011.07.033,2011,scopus,maybe,,"O título sugere modelagem estocástica (simulação framework) aplicada a processos de detecção e correção de falhas em software, potencialmente alinhado com IC2 (Modelagem Estocástica em Processos de SW). Contudo, sem resumo ou acesso ao texto completo, não é possível confirmar: (1) se o foco é no workflow/processo de desenvolvimento de SW ou apenas em aspectos técnicos desconectados de processo; (2) se a simulação modela eventos de processo (event logs) ou apenas dinâmica de defeitos. A ausência ",llm
2f356e85,E,Automated Business Process Discovery from Unstructured Natural-Language Documents,10.1007/978-3-030-66498-5_18,2020,scopus,maybe,,"Resumo ausente impossibilita avaliação confiável dos critérios de inclusão. O título sugere descoberta de processos de negócio a partir de linguagem natural, potencialmente relevante para IC4 (mineração de artefatos de processo), mas sem acesso ao conteúdo completo não é possível confirmar: (1) se o domínio é software/desenvolvimento ou BPM genérico; (2) se há aplicação concreta a processos de SW; (3) se utiliza process mining ou técnicas compatíveis com o escopo. Avaliação de texto completo é n",llm
4c9e5efd,E,Categorizing Code Review Comments Using Machine Learning,10.1007/978-981-16-2102-4_18,2022,scopus,maybe,,"Abstract ausente impede avaliação conclusiva. O título menciona 'code review comments' e 'machine learning', sugerindo possível análise de artefatos de processo de SW (IC1), mas sem conteúdo disponível não é possível confirmar se há foco em descoberta de padrões de processo, event logs ou se trata apenas de classificação de texto descontextualizada. Texto completo é necessário para decisão rigorosa.",llm
92fa0290,E,Development of a Tool for Extracting and Analyzing Software Development Process Models,10.1007/978-3-030-95120-7_23,2022,scopus,maybe,,"O título sugere forte relevância potencial para IC1 (ferramenta para extrair e analisar modelos de processo de desenvolvimento de SW), mas a ausência completa de resumo torna impossível confirmar: (1) se a ferramenta efetivamente implementa process mining, modelagem estocástica ou forecasting; (2) se o foco está em processos de SW ou em outro domínio; (3) se há validação empírica. Necessário acesso ao texto completo para decisão fundamentada.",llm
51efe478,E,Generating Synthetic Sensor Event Logs for Process Mining,10.1007/978-3-031-07481-3_15,2022,scopus,maybe,,"O resumo está ausente e a fonte é não verificada. O título menciona 'synthetic sensor event logs' e 'process mining', sugerindo possível relevância ao escopo de PM. Contudo, sem texto completo ou abstract verificável, não é possível determinar: (1) se a aplicação é específica a processos de software ou genérica (manufatura, IoT, saúde); (2) se 'sensor event logs' refere-se a artefatos de SW ou a domínios distintos; (3) se há contribuição metodológica em forecasting ou modelagem estocástica. A fa",llm
88b74cd9,E,Hybrid Business Process Simulation: Updating Detailed Process Simulation Models Using High-Level Simulations,10.1007/978-3-031-05760-1_11,2022,scopus,maybe,,"O título menciona 'Hybrid Business Process Simulation' e 'Updating Detailed Process Simulation Models', sugerindo modelagem estocástica de processos (potencialmente IC2). Porém, sem abstract não é possível confirmar se o escopo é processos de software ou domínios genéricos de BPM (risco de EC1). A ausência de resumo verificável impede decisão conclusiva em fase de texto completo.",llm
4b58cb90,E,Jaskier: A Supporting Software Tool for Continuous Build Outcome Prediction Practice,10.1007/978-3-030-79463-7_36,2021,scopus,maybe,,"O título sugere fortemente previsão de build outcomes em CI/CD (potencialmente IC3), alinhado com o escopo PATHCAST. Contudo, o resumo está ausente, impedindo confirmação de quais técnicas (process mining, modelagem estocástica, event logs) são efetivamente utilizadas. Acesso ao texto completo é necessário para decisão definitiva.",llm
6d28c56a,E,Measuring the Effectiveness of Software Code Review Comments,10.1007/978-981-15-6634-9_23,2020,scopus,maybe,,"Resumo ausente e título ambíguo. 'Measuring the Effectiveness of Software Code Review Comments' sugere análise de qualidade/impacto de comentários em code review, podendo ser estudo empírico sobre práticas de revisão de código (potencialmente alinhado com IC1 se minerasse event logs de PRs/reviews) ou meramente qualitativo sobre efetividade de comentários sem foco em process mining. Sem acesso ao texto completo, não é possível determinar se aborda descoberta de processo, conformance, event logs ",llm
c2d433b5,E,Optimizing parametric dependencies for incremental performance model extraction,10.1007/978-3-030-59155-7_17,2020,scopus,maybe,,"O resumo está ausente e não pode ser verificado. O título sugere extração incremental de modelos de performance, o que poderia ser relevante para IC2 (modelagem) ou IC3 (forecasting), mas sem conteúdo concreto é impossível confirmar se aplica-se a processos de software ou a sistemas genéricos. Requer acesso ao texto completo para decisão fundamentada.",llm
228d3d9c,E,Probabilistic Learning of Temporal Uncertainties in Business Processes,10.1007/978-3-031-95397-2_12,2025,scopus,maybe,,"O título sugere forte relevância para IC2 (modelagem estocástica de processos de negócio com incertezas temporais), porém o resumo está ausente e não é possível confirmar: (1) se o foco é em processos de software (IE) ou BPM genérico; (2) o método estocástico específico e sua aplicação; (3) se há avaliação em artefatos de SW. A natureza genérica de 'Business Processes' levanta dúvida sobre EC1 (domínio fora de SW). Texto completo é necessário para decisão segura.",llm
5ed51c29,E,Steady State Estimation for Business Process Simulations,10.1007/978-3-031-41623-1_11,2023,scopus,maybe,,"Resumo ausente impede confirmação definitiva do escopo. O título indica simulação de processos de negócio com estimação de estado estacionário (modelagem estocástica), sugerindo potencial relevância para IC2 (modelagem estocástica em processos de SW). Porém, sem acesso ao conteúdo completo, não é possível descartar que o trabalho aborde apenas BPM genérico (EC1 — domínio fora de SW) ou se aplica processo mining/forecasting a contexto de software. Requer leitura do texto completo para validar se ",llm
8f0e10fa,E,Stochastic modeling of the mean time between software failures: A review,10.1016/B978-0-323-90240-3.00020-5,2022,scopus,maybe,,"O título sugere modelagem estocástica em contexto de software (potencialmente IC2), porém o abstract está ausente e a fonte bibliográfica é um capítulo de livro sem verificação direta. Sem acesso ao texto completo ou resumo verificável, não é possível confirmar se o foco é em processos de desenvolvimento de SW (escopo PATHCAST) ou em confiabilidade/testing genérico (fora do escopo). O título isolado é insuficiente para decisão com rigor em fase de texto completo.",llm
9e2bc378,E,Towards Decomposing Monolithic Applications into Microservices: Dynamic Analysis,10.1007/978-3-031-70411-6_16,2024,scopus,maybe,,"O resumo está ausente e o título sugere análise dinâmica de decomposição arquitetural (monolito → microserviços), que poderia tangencialmente tocar em processos de software ou mineração de repositórios, mas não há evidência suficiente no título para confirmar aderência a process mining, modelagem estocástica ou forecasting de processos de desenvolvimento. Requer acesso ao texto completo para avaliação conclusiva.",llm
692e8e20,E,Towards a Comprehensive Evaluation of Decision Rules and Decision Mining Algorithms Beyond Accuracy,10.1007/978-3-031-61057-8_24,2024,scopus,maybe,,"Título menciona 'decision mining algorithms', que é subtópico relevante de process mining, mas sem abstract disponível não é possível confirmar: (1) se aplica a processos de software, (2) qual é o domínio de aplicação, (3) se atende IC1-IC4. Publicação em LNCS é credível e 'decision mining' sugere potencial relevância para PM, justificando revisão de texto completo.",llm
8aa77d8a,E,A Repair of Workflow Models Based on Mirroring Matrices,10.1007/s10766-016-0438-1,2017,scopus,maybe,,"Título sugere modelagem e reparo de workflows (potencialmente IC2 – Petri nets ou modelos estocásticos de processo), mas abstract ausente impede confirmação de (1) aplicação específica a processos de software vs. BPM genérico, (2) presença de métodos estocásticos, (3) dados reais ou experimentais. Venue em programação paralela aumenta ambiguidade. Full text necessário para decisão conclusiva.",llm
0053b0e2,E,An in-depth study of the promises and perils of mining GitHub,10.1007/s10664-015-9393-5,2016,scopus,maybe,,"Título fortemente indicativo de mineração de repositório GitHub (IC4 potencial), mas resumo completamente ausente impede avaliação rigorosa do escopo. Sem acesso ao texto completo ou abstract verificado, não é possível confirmar se o estudo foca em processos de desenvolvimento de software, modelagem estocástica ou forecasting versus análise genérica de dados/artefatos de software. Requer acesso ao texto completo para decisão conclusiva.",llm
b4c88c17,E,Model-based incremental conformance checking to enable interactive product configuration,10.1016/j.infsof.2015.12.004,2016,scopus,maybe,,"Abstract ausente impede avaliação conclusiva. Título menciona 'conformance checking' (técnica de process mining) e 'product configuration', mas sem texto completo não é possível confirmar se o contexto é processos de software, se conformance checking é aplicado a artefatos de SW, ou se trata de um domínio distinto (ex: engenharia de configuração genérica, BPM em outro setor). Requer leitura do texto completo para determinar se IC1, IC2 ou IC4 se aplicam.",llm
7fb6c27a,E,On the application of search-based techniques for software engineering predictive modeling: A systematic review and future directions,10.1016/j.swevo.2016.10.002,2017,scopus,maybe,,"Abstract ausente, impossibilitando avaliação rigorosa contra critérios de inclusão/exclusão. O título menciona 'predictive modeling' em engenharia de software, sugerindo relevância potencial para IC3 (forecasting), mas sem conteúdo verificável não é possível confirmar se aborda process mining, event logs, ou processos de SW específicos, ou se é apenas algoritmo teórico (EC3). Necessário acesso ao texto completo para decisão conclusiva.",llm
8c8369fe,E,Reusing simulation experiment specifications to support developing models by successive extension,10.1016/j.simpat.2016.07.006,2016,scopus,maybe,,"Resumo ausente torna impossível confirmar se o trabalho aplica simulação a processos de software ou apenas a modelagem genérica/BPM. Título sugere modelagem por simulação com reutilização de especificações, potencialmente relevante para IC2, mas sem conteúdo explícito não há como descartar aplicação exclusiva a outros domínios (EC1). Fase de texto completo requer evidência mais robusta.",llm
73c42550,E,Stochastic actor-oriented modeling for studying homophily and social influence in OSS projects,10.1007/s10664-016-9431-y,2017,scopus,maybe,,"O título indica modelagem estocástica ator-orientada em projetos OSS, sugerindo possível relevância para IC2 (modelagem estocástica de processos de SW). Porém, sem abstract disponível, não é possível confirmar se o foco é em processos de desenvolvimento de software ou em dinâmicas sociais/estruturais de comunidades OSS. A ausência de resumo impede avaliação conclusiva quanto ao atendimento dos critérios de inclusão e necessita acesso ao texto completo.",llm
3e64e003,E,"14th International Conference on Simulation and Modeling Methodologies Technologies and Applications, SIMULTECH 2024",,2024,scopus,maybe,,"O documento é um proceedings de conferência sobre simulação e modelagem (SIMULTECH 2024) sem abstract disponível. O título sugere potencial relevância para IC2 (modelagem estocástica), mas sem conteúdo verificável não é possível confirmar se há aplicação específica a processos de software ou se integra forecasting/process mining. A ausência de abstract impede avaliação rigorosa conforme exigido na fase de texto completo.",llm
ec8bb8d2,E,"22nd International Conference on Business Process Modeling, Development and Support, BPMDS 2021 and 26th International Conference on Exploring Modeling Methods for Systems Analysis and Development, EMMSAD 2021 Held at CAiSE 2021",,2021,scopus,maybe,,"Trata-se de anais de conferência (BPMDS/EMMSAD 2021) sem resumo disponível. O título refere-se apenas aos anais consolidados, não a um artigo específico. Embora o venue seja potencialmente relevante para BPM e modelagem de processos (conferências historicamente ligadas a business process management), não é possível avaliar qualquer dos critérios de inclusão (IC1–IC4) sem acesso ao conteúdo efetivo dos artigos individuais. Requer acesso ao texto completo para triagem adequada.",llm
0b9b830b,E,"23rd International Conference on Service-Oriented Computing, ICSOC 2025",,2026,scopus,maybe,,"O resumo está ausente e o título refere-se genericamente à conferência ICSOC 2025 sem descrever o conteúdo específico do paper. Embora ICSOC seja uma conferência de computação orientada a serviços que *pode* abordar processos de software, não há evidência suficiente no material disponível para confirmar ou descartar o atendimento de IC1-IC4. Texto completo seria necessário para triagem rigorosa.",llm
bee66f4d,E,"24th International Conference on Product-Focused Software Process Improvement, PROFES 2023",,2024,scopus,maybe,,"O documento refere-se a uma conferência (PROFES 2023) dedicada a melhorias de processo de software, cuja relevância potencial para PATHCAST é reconhecida. Contudo, o texto fornecido é apenas um cabeçalho de proceedings sem conteúdo substantivo ou abstract, impossibilitando avaliação rigorosa contra critérios de inclusão específicos (IC1–IC4) ou exclusão (EC1–EC4).",llm
d5b66d1f,E,"26th International Conference on Product-Focused Software Process Improvement, PROFES 2025",,2026,scopus,maybe,,"Trata-se de um conference proceedings (PROFES 2025) sem abstract disponível. O título da conferência sugere relevância para engenharia de processos de software, mas sem acesso ao resumo ou texto completo do paper específico, não é possível avaliar se atende aos critérios de inclusão (IC1-IC4) ou exclusão (EC1-EC4) com confiança. Requer texto completo para decisão.",llm
748dd3da,E,"5th International Conference on Software Testing, Machine Learning and Complex Process Analysis, TMPA 2019",,2021,scopus,maybe,,"Trata-se de proceedings de conferência (TMPA 2019) com título indicando potencial relevância para process analysis em software, mas sem abstract disponível. O título sugere possível intersecção com IC1 (process mining) e IC3 (forecasting), porém a ausência completa de resumo impede avaliação rigorosa do escopo real, metodologia e aplicabilidade aos critérios de inclusão. Texto completo é necessário para decisão fundamentada.",llm
04bf2b30,E,A Comparative Analysis Methodology for Process Mining Software Tools,10.1007/978-3-030-29551-6_66,2019,scopus,maybe,,"Título menciona 'process mining software tools' e sugerira relevância a IC1, mas ausência total de abstract na fase de texto completo impede avaliação conclusiva sobre se o paper efetivamente aplica process mining a processos de SW ou se é apenas uma comparação metodológica genérica de ferramentas. Full text é necessário para confirmar escopo e critérios de inclusão.",llm
053794a6,E,A Markov chain model for predicting the reliability of multi-build software,10.1016/S0950-5849(00)00122-1,2000,scopus,maybe,,"Título indica fortemente aplicação de cadeia de Markov (modelagem estocástica) a software, sugerindo potencial alinhamento com IC2. Porém, ausência total de resumo torna impossível confirmar se 'reliability de multi-build software' refere-se a processo de desenvolvimento de SW (IC2) ou meramente a confiabilidade de produto/artefato (EC2). Contexto insuficiente para decisão definitiva, mas título demonstra relevância marginal à intersecção de stochastic modeling + software.",llm
752cb5e2,E,A Software Tool for the Evaluation of Transient Removal Methods in Discrete Event Stochastic Simulations,10.1007/978-3-319-92378-9_18,2019,scopus,maybe,,"Resumo ausente impede avaliação confiável. O título menciona 'simulações estocásticas discretas' (potencialmente IC2), mas não clarifica se a aplicação é a processos de software ou outro domínio (EC1). Sem texto completo, não é possível confirmar se trata-se de ferramenta para SW ou de domínio externo. Título sugere relevância marginal a modelagem estocástica, justificando pending em vez de exclude imediato.",llm
429a2033,E,A lightweight framework for describing software practices,10.1016/j.jss.2011.09.024,2012,scopus,maybe,,"Resumo ausente impede avaliação conclusiva. Título sugere um framework para descrever práticas de software, potencialmente relevante para modelagem de processos, mas sem acesso ao conteúdo não é possível confirmar se aborda process mining, modelagem estocástica, forecasting ou análise de event logs — critérios centrais da SLR PATHCAST.",llm
20ffa876,E,"ATAED 2022 - Proceedings of the Workshop on Algorithms and Theories for the Analysis of Event Data, co-located with the 43rd International Conference on Application and Theory of Petri Nets and Concurrency, Petri Nets 2022",,2022,scopus,maybe,,"Trata-se de proceedings de workshop (ATAED 2022) com foco explícito em algoritmos e teorias para análise de event data e Petri nets, que são tecnologias centrais em process mining. O título sugere relevância para a SLR PATHCAST, porém o abstract está completamente ausente, impossibilitando avaliação rigorosa de qual é a cobertura específica dos papers inclusos — não é possível confirmar se abordam processos de software, modelagem estocástica, ou apenas BPM genérico. Recomenda-se acesso ao texto ",llm
b88e1529,E,Adaptive Online Optimization of Business Processes,,2025,scopus,maybe,,"Resumo ausente impossibilita confirmação de atendimento a qualquer critério de inclusão. O título 'Adaptive Online Optimization of Business Processes' é genérico em BPM e não menciona explicitamente process mining, modelagem estocástica, forecasting ou software development. Requer texto completo para validar se aplica ao escopo PATHCAST.",llm
c8820380,E,Advancing Data-Driven Business Process Simulation: From Valid Models to Valuable Insights,,2025,scopus,maybe,,"O título indica relevância potencial para process mining e simulação estocástica de processos de negócio (alinhado com IC2/IC3), mas o resumo está ausente, impossibilitando verificação se a aplicação é específica a processos de software ou genérica a BPM. Conforme protocolo, na ausência de abstract e com título sugestivo de relevância marginal, aplica-se 'pending' para exigir análise do texto completo.",llm
c508386d,E,An Agent-Based Workflow Simulator,,2024,scopus,maybe,,"Resumo ausente torna impossível validar se o simulator é aplicado a processos de software ou outro domínio, e se implementa modelagem estocástica (IC2) ou forecasting (IC3). O título sugere relevância marginal a workflow simulation, mas sem conteúdo não se confirma nenhum IC sem risco de EC1 (domínio fora de SW) ou EC2 (software como ferramenta). Texto completo necessário para decisão rigorosa.",llm
6a8c32f1,E,An analytical approach to architecture-based software performance and reliability prediction,10.1016/j.peva.2004.04.003,2004,scopus,maybe,,"Resumo ausente impossibilita avaliação rigorosa contra critérios de inclusão. Título menciona 'predição' de performance e confiabilidade em software, sugerindo possível IC3 (forecasting). Contudo, sem acesso ao texto completo ou resumo verificável, não é possível confirmar se trata especificamente de processos de desenvolvimento de software (vs. apenas predição arquitetural), se usa process mining, event logs, ou modelagem estocástica de processos. A fase 1 já indicou incerteza. Mantém-se pendên",llm
e03d43a3,E,Analysis of prevalent BPMN layout choices on GitHub,,2021,scopus,maybe,,"Resumo ausente e título ambíguo: análise de escolhas de layout BPMN em GitHub sugere potencial mineração de repositórios (IC4), mas é insuficiente confirmar se o foco está em processos de desenvolvimento de software ou apenas em artefatos BPMN como objetos de análise estática. Texto completo necessário para distinguir entre processo de SW vs. análise de diagramas.",llm
274855a2,E,Analyzing software engineering courses with process mining and business intelligence,,2020,scopus,maybe,,"O título menciona 'process mining' e 'software engineering courses', sugerindo possível relevância ao escopo. Contudo, sem resumo disponível, é impossível determinar se o paper analisa processos de desenvolvimento de software (IC1/IC4) ou apenas processos educacionais/administrativos de cursos. A distinção entre processo educacional e processo de desenvolvimento é crítica para inclusão. Texto completo necessário para decisão confiável.",llm
193e7778,E,BPSimpy: A python library for WfMC-standard process-simulation specifications,,2021,scopus,maybe,,"Abstract ausente impossibilita avaliação robusta dos critérios de inclusão. O título indica uma biblioteca de simulação de processos conforme padrão WfMC, potencialmente relevante para IC2 (modelagem estocástica), mas é crítico distinguir se a ferramenta é aplicada a processos de desenvolvimento de software (IC2, IC4) ou se software é apenas o meio de implementação (EC2). Acesso ao texto completo é necessário.",llm
ba328b1c,E,Chapter 4 The Use of Simulation Techniques for Hybrid Software Cost Estimation and Risk Analysis,10.1016/S0065-2458(08)00604-9,2008,scopus,maybe,,"Resumo ausente impede confirmação definitiva de atendimento aos critérios de inclusão. O título sugere simulação em estimativa de custo e análise de risco de software, potencialmente alinhado com IC2 (modelagem estocástica em processos de SW), mas é ambíguo quanto a abordar processos de desenvolvimento de SW ou apenas estimativas de projeto isoladas. Texto completo necessário para decisão conclusiva.",llm
f478c3e3,E,DATA-DRIVEN SIMULATION-BASED ANALYSIS OF COLLABORATIVE BUSINESS PROCESSES IN DISTRIBUTED ENVIRONMENTS,,2025,scopus,maybe,,"Resumo completamente ausente e fonte bibliográfica não verificada. Título menciona 'simulation-based analysis' e 'collaborative business processes', sugerindo possível alinhamento com IC2 (modelagem estocástica) ou IC4 (análise de processos), mas sem acesso ao abstract não é possível confirmar: (a) se o domínio é processos de software (SE) ou BPM genérico; (b) se há efetivamente mineração de dados/repositórios ou apenas simulação teórica; (c) se aplica-se EC1 (domínio fora de SW) ou EC3 (algorit",llm
e43e3c2c,E,DDPS: A Project Methodology for Data-Driven Process Simulation,,2023,scopus,maybe,,"Título sugere potencial relevância a IC2 (modelagem estocástica de processos) e IC3/IC4 (process simulation e data-driven methodology). Porém, sem resumo verificável, não há evidência conclusiva de aplicação específica a processos de software vs. BPM genérico ou outros domínios. A ausência de abstract impede diferenciação clara entre EC1 (fora de SW) e escopo relevante.",llm
d06a1c9d,E,Effect of Large Language Model Use on Programming Project Groups,,2025,scopus,maybe,,"Resumo completamente ausente. Título sugere estudo sobre impacto de LLM em grupos de projetos de software, com possível relevância tangencial a processos de desenvolvimento, mas sem acesso ao conteúdo não é possível confirmar se aborda process mining, modelagem estocástica, forecasting de processo ou análise de event logs conforme critérios da SLR PATHCAST. Requer análise do texto completo para decisão conclusiva.",llm
60bf700b,E,Evaluating probabilistic models with uncertain model parameters,10.1007/s10270-012-0277-5,2014,scopus,maybe,,"Resumo ausente impossibilita verificação de aplicação a processos de software ou confirmação de IC2 (modelagem estocástica em SW). Título sugere modelagem probabilística potencialmente relevante, mas domínio de aplicação permanece incerto — pode ser BPM genérico, systems engineering, ou outra área. Texto completo necessário para decidir.",llm
e605fd1f,E,"ICPM-D 2020 - Proceedings of the ICPM Doctoral Consortium and Tool Demonstration Track 2020, co-located with the 2nd International Conference on Process Mining, ICPM 2020",,2020,scopus,maybe,,"Trata-se de proceedings de conferência (ICPM 2020 Doctoral Consortium e Tool Demonstration Track) sem abstract disponível. Embora ICPM seja a principal conferência de process mining e o título sugira potencial relevância ao escopo PATHCAST, a ausência completa de conteúdo textual impede avaliação confiável dos artigos inclusos. Não é possível verificar se algum dos artigos dentro deste proceedings atende aos critérios de inclusão específicos (IC1-IC4) ou incorre em exclusão.",llm
d3a617cf,E,Issue Workflow Explorer,10.1007/978-981-15-0310-8_11,2019,scopus,maybe,,"Resumo completamente ausente e fonte não verificada. O título 'Issue Workflow Explorer' sugere forte potencial de relevância a IC1 (process mining em artefatos de SW — issues) e IC4 (mineração de repositórios), mas sem abstract ou acesso ao conteúdo, não é possível confirmar se o trabalho de fato realiza análise de event logs, descoberta de processos ou mineração de workflows, ou se é meramente uma ferramenta de visualização. Requer acesso ao full text para decisão fundamentada.",llm
1832d1bf,E,Large-Scale Dynamics of Business Process Change: Insights From Digital Venture Scaling,,2024,scopus,maybe,,"Resumo ausente torna impossível confirmar se o paper aborda process mining, modelagem estocástica ou forecasting em processos de desenvolvimento de software. O título menciona 'business process change' e 'digital venture scaling', sugerindo possível relevância para IC2 ou IC4, mas sem conteúdo do abstract não é possível descartar que se trate apenas de processos de negócio genéricos (EC1) ou que 'software' seja ferramenta, não objeto de estudo (EC2). Texto completo é necessário.",llm
9d7cc9bf,E,Learning Accurate LSTM Models of Business Processes,10.1007/978-3-030-26619-6_19,2019,scopus,maybe,,"Abstract ausente impossibilita confirmação de escopo. Título sugere process mining com LSTM em 'business processes', mas não evidencia claramente se aborda processos de desenvolvimento de software ou apenas BPM genérico. Requer texto completo para decidir entre IC1/IC3 (SW-specific) ou exclusão por domínio genérico.",llm
fef58768,E,Microflows: Leveraging process mining and an automated constraint recommender for microflow modeling,10.1007/978-3-319-78428-1_2,2018,scopus,maybe,,"O resumo está ausente e indisponível. O título menciona 'process mining' e 'microflow modeling', sugerindo potencial relevância a IC1 (Process Mining em Software), mas sem acesso ao texto completo não é possível confirmar se o domínio é efetivamente processos de desenvolvimento de software ou se trata de modelagem de processos de negócio genérica (BPM). A palavra 'microflows' pode referir-se a abstrações arquiteturais em SW ou a processos de negócio sem conexão com engenharia de software.",llm
3113d552,E,Monitoring event logs within a cluster system,10.1007/978-3-642-30662-4-17,2012,scopus,maybe,,"Resumo ausente e título genérico ('Monitoring event logs within a cluster system') não permite determinar se o contexto é desenvolvimento de software ou infraestrutura distribuída. O termo 'event logs' sugere potencial relevância para IC1 (process mining), mas sem conteúdo verificável não há base para inclusão confiante. Texto completo necessário para avaliar se aplica-se a processos de SW.",llm
99607d98,E,Optimal software testing in the setting of controlled Markov chains,10.1016/j.ejor.2002.11.002,2005,scopus,maybe,,"Título menciona cadeias de Markov controladas e teste de software, sugerindo possível IC2 (modelagem estocástica em processos de SW). Contudo, sem abstract ou acesso ao texto completo, não é possível confirmar se aplica-se a processos de desenvolvimento de SW ou se trata apenas de otimização de algoritmos de teste em contexto genérico. A fase de texto completo requer confiança, mas o título mantém relevância marginal potencial.",llm
de2305ca,E,Performance evaluation of reliability assessment method based on stochastic differential equation model for a large-scale open source solution,10.1007/s13198-011-0035-z,2010,scopus,maybe,,"Abstract ausente impede avaliação rigorosa do escopo e metodologia. Embora o título mencione 'stochastic differential equation model' e 'open source solution', não há evidência explícita de que o foco seja em processos de desenvolvimento de software (IC2) versus confiabilidade/qualidade de software como artefato (EC2). A avaliação de confiabilidade de uma solução open source pode referir-se a confiabilidade do produto final e não ao processo de desenvolvimento. Full text é necessário para confir",llm
3b4b3cd5,E,"Proceedings - 2021 IEEE/ACM 18th International Conference on Mining Software Repositories, MSR 2021",,2021,scopus,maybe,,"Trata-se de proceedings de conferência (MSR 2021) sem abstract disponível. MSR é venue altamente relevante para mining software repositories (IC4), mas sem acesso ao resumo ou texto completo não é possível avaliar se os artigos específicos contêm process mining, modelagem estocástica ou forecasting em processos de SW. A decisão exige visualização do texto completo.",llm
4f2a1f75,E,SimuBridge: Discovery and Management of Process Simulation Scenarios,,2023,scopus,maybe,,"Abstract ausente impede confirmação rigorosa do escopo. Título sugere process simulation e discovery, potencialmente relevante a IC2 (modelagem estocástica) ou IC4, mas não há evidência suficiente no resumo para verificar se o contexto é processos de software (requisito crítico) ou BPM/manufatura genérica. Texto completo necessário para avaliar adequadamente.",llm
02134616,E,Studying Domain Dependence in BPMN Process Modeling: An Empirical Research Proposal,,2025,scopus,maybe,,"O abstract está ausente ou não verificado. O título indica um estudo empírico em modelagem BPMN, que poderia ser relevante para IC2 (modelagem de processos), mas é impossível confirmar sem o texto completo se o escopo inclui processos de software, componentes estocásticos ou forecasting conforme exigido pelo PATHCAST. A pesquisa de proposta empírica (research proposal) também pode ser apenas um protocolo, não um estudo completo.",llm
a9220982,E,Studying the impact of uncertainty in operational release planning - An integrated method and its initial evaluation,10.1016/j.infsof.2009.11.003,2010,scopus,maybe,,"O abstract está ausente e a fonte bibliográfica é não verificada. O título sugere estudo de incerteza em planejamento de release operacional em software, o que poderia alinhar-se a IC2 (modelagem estocástica em processos de SW) ou IC3 (forecasting de métricas de processo). Porém, sem acesso ao texto completo ou resumo verificável, não é possível confirmar se o paper aborda process mining, modelagem estocástica aplicada a processos de SW, ou forecasting de métricas de processo conforme escopo PAT",llm
965b7bb9,E,TML: A description language for Markov chain usage models,10.1016/S0950-5849(00)00123-3,2000,scopus,maybe,,"Título indica modelagem com Markov chains e uma linguagem de descrição, sugerindo potencial relevância para IC2 (modelagem estocástica em processos de SW). Porém, sem abstract disponível é impossível confirmar se a aplicação é a processos de software ou a sistemas genéricos. O texto completo é necessário para distinguir entre aplicação legítima ao escopo (processos de desenvolvimento de SW) e escopo fora (BPM genérico, sistemas sem relação a engenharia de software).",llm
40749a1f,E,Towards Automated Defect Analysis Using Execution Traces of Scenario-Based Models,10.1007/978-3-030-11030-7_15,2019,scopus,maybe,,"Resumo ausente e não verificado. O título sugere análise de execution traces em modelos baseados em cenários, potencialmente relevante para process mining (IC1) ou análise de processos de software, mas sem acesso ao texto completo é impossível confirmar: (a) se aplica-se a processos de desenvolvimento de software vs. sistemas genéricos, (b) se a análise envolve descoberta/conformance de processo ou apenas detecção de defeitos em simulações, (c) se usa event logs ou artefatos de repositório de SW",llm
33a6fe85,E,Towards Organizational Digital Twins: Process Enhancement by Object-Centric Simulation,,2023,scopus,maybe,,"Resumo ausente e impossível verificar conteúdo completo. Título sugere simulação de processos organizacionais com object-centric modeling, potencialmente relevante para process mining e modelagem estocástica, mas sem abstract não há evidência clara de aplicação a processos de software (IC1, IC2) vs. BPM genérico (EC1). Texto completo necessário para decisão fundamentada.",llm
709b20bc,E,Towards monitoring systems development on the basis of the multilevel relative finite state operational automata,,2020,scopus,maybe,,"Abstract ausente torna impossível confirmar alinhamento com ICs. O título sugere monitoramento de processos de desenvolvimento de software utilizando autômatos finitos operacionais, potencialmente relevante para process mining e modelagem de processos. Contudo, sem acesso ao conteúdo, não é possível verificar se: (1) aplica-se process mining real a artefatos de SW; (2) há modelagem estocástica; (3) há forecasting de métricas; ou (4) se 'operational automata' é ferramenta (EC2) vs. método de anál",llm
898e9953,E,A collection of java class libraries for stochastic modeling and simulation,10.1007/3-540-46043-8_105,2002,scopus,maybe,,"O abstract está ausente e o título sugere uma biblioteca genérica para modelagem e simulação estocástica, sem indicar claramente aplicação a processos de software. Análise do texto completo é necessária para determinar se a ferramenta foi avaliada/aplicada em contexto de engenharia de software (IC2, IC3) ou se é apenas uma implementação de algoritmos sem aplicação processual em SW (EC3).",llm
3250a9ce,E,From process mining to process design: A simulation model to reduce conformance risk,,2015,scopus,maybe,,"Título sugere forte relevância a process mining e simulation, mencionando 'conformance risk' (característica de PM). Porém, sem abstract disponível é impossível confirmar: (1) se o domínio é software development ou genérico (BPM, manufatura, saúde); (2) qual é a fonte de dados (event logs, repositórios, simulados); (3) se atende IC1, IC2, IC3 ou IC4. A ausência de resumo impede decisão conclusiva, mas o título justifica elevação à fase de texto completo para verificação.",llm
414e1286,E,Metamodelling and conformance checking with PVS,10.1007/3-540-45314-8_2,2001,scopus,maybe,,"Abstract ausente impossibilita avaliação rigorosa na fase de texto completo. Título menciona 'conformance checking' (conceito em process mining) e 'metamodelling', mas sem conteúdo não é possível confirmar se aplica-se a processos de software (IC1) ou se é algoritmo teórico sem aplicação a SW (EC3). A data de 2001 e venue LNCS sugerem trabalho formal, aumentando risco de exclusão, mas a evidência é insuficiente.",llm
d3b31579,E,PReMo: An analyzer for probabilistic recursive models,10.1007/978-3-540-71209-1_7,2007,scopus,maybe,,"Resumo completamente ausente e fonte não verificada. Título 'PReMo: An analyzer for probabilistic recursive models' sugere ferramenta para análise de modelos probabilísticos, potencialmente relevante para IC2 (modelagem estocástica), mas sem acesso ao abstract ou full text não é possível determinar se aplica-se especificamente a processos de software ou se é apenas método teórico genérico (EC3). Requer acesso ao texto completo para decisão confiável.",llm
828b3583,E,"14th International Workshop on Enterprise and Organizational Modeling and Simulation, EOMAS 2018, Held at Conference on Advanced Information Engineering Systems, CAiSE 2018",,2018,scopus,maybe,,"Trata-se de proceedings de workshop sem abstract disponível. O título menciona 'modelagem e simulação organizacional', o que pode estar relacionado a processos de software, mas não há evidência textual suficiente para confirmar atendimento a IC1-IC4 ou aplicação de EC1-EC4. A fase de texto completo requer conteúdo explícito; o título isolado é insuficiente.",llm
d2709c71,E,"50th Summer Computer Simulation Conference, SCSC 2018",,2018,scopus,maybe,,"O resumo está ausente e o título é genérico ('50th Summer Computer Simulation Conference, SCSC 2018'), referindo-se à conferência em si e não a um artigo específico. Sem acesso ao texto completo ou resumo, é impossível determinar se o conteúdo aborda process mining, modelagem estocástica ou processos de software. A relevância potencial existe apenas pela menção a 'simulação' e o contexto de conferência especializada, mas requer verificação do conteúdo real.",llm
b71153d3,E,"Applications in Software Engineering - Proceedings of the 7th International Conference on Software Process Improvement, CIMPS 2018",,2019,scopus,maybe,,"O documento é uma página de anais de conferência (CIMPS 2018) sem resumo disponível. O título genérico 'Applications in Software Engineering' não fornece evidência suficiente sobre conteúdo específico. Impossível determinar se contém artigos sobre process mining, modelagem estocástica ou forecasting em SW sem acesso ao texto completo ou lista de artigos inclusos.",llm
a62c7710,E,How the release process impacts your software analytics,10.1016/B978-0-12-804206-9.00045-3,2016,scopus,maybe,,"Resumo ausente impossibilita avaliação rigorosa contra critérios IC/EC. Título sugere potencial relevância a processos de release e analytics em software (IC1 ou IC4), mas sem conteúdo completo não há evidência confiável de que aborde process mining, modelagem estocástica ou forecasting de métricas de processo. Full text é necessário para confirmação.",llm
c59ffa90,E,Modelling and performance evaluation with TimeNET 4.4,10.1007/978-3-319-66335-7_19,2017,scopus,maybe,,"Resumo ausente impossibilita avaliação confiável dos critérios de inclusão/exclusão. TimeNET 4.4 é ferramenta de modelagem com redes de Petri temporizadas (potencialmente relevante para IC2 estocástica), mas sem acesso ao texto completo não é possível confirmar se há aplicação específica a processos de software ou se é apenas contribuição metodológica genérica de BPM/ferramenta. Título refere-se a avaliação de performance e modelagem, sugerindo possível relevância marginal ao escopo.",llm
7456772a,E,Performability analysis considering debugging behaviors for open source solution,,2013,scopus,maybe,,"Resumo ausente impede avaliação confiável dos critérios de inclusão. O título sugere análise de comportamentos de debugging em projetos open source, com potencial relevância a IC1 (mining de repositórios para processo de SW) ou IC4 (mineração de repositórios), mas 'performability analysis' aponta primariamente para análise de confiabilidade/performance arquitetural em vez de processo de desenvolvimento. Somente texto completo pode confirmar se o foco é realmente em processos de SW.",llm
111a3cd0,E,"Proceedings of the International Workshop on Petri Nets and Software Engineering, PNSE 2019 - co-located with the 40th International Conference on Application and Theory of Petri Nets and Concurrency, Petri Nets 2019, 19th International Conference on Application of Concurrency to System Design, ACSD 2019 and the 1st IEEE International Conference on Process Mining, Process Mining 2019",,2019,scopus,maybe,,"Trata-se de proceedings de workshop que combina explicitamente Petri Nets, Software Engineering e Process Mining (PNSE 2019, co-localizado com Petri Nets 2019 e IEEE Process Mining 2019). O título forte sugere relevância potencial para a SLR PATHCAST, especialmente considerando a interseção entre redes de Petri (modelagem estocástica), process mining e engenharia de software. Contudo, sem acesso ao resumo ou conteúdo, é impossível confirmar se os artigos inclusos abordam especificamente (1) apli",llm
4bbb70a0,E,Process mining as a modelling tool: Beyond the domain of business process management,10.1007/978-3-662-49224-6_12,2015,scopus,maybe,,"O resumo está ausente e não pode ser verificado. O título sugere aplicação de process mining além de BPM, o que poderia indicar relevância para IC1 (Process Mining em Software), mas sem acesso ao conteúdo completo ou resumo verificável, não é possível confirmar se o trabalho trata efetivamente de processos de software ou se aplica-se a outros domínios (potencial EC1). Dada a fonte bibliográfica (LNCS 2015) e o foco potencial em SW, justifica-se avaliação do texto completo.",llm
5c1f686d,E,RT-PLG: Real time process log generator,10.1007/978-3-319-28564-1_11,2016,scopus,maybe,,"O resumo está ausente e o título 'RT-PLG: Real time process log generator' sugere uma ferramenta para geração de event logs, potencialmente relevante para process mining. Porém, sem acesso ao texto completo, não é possível determinar se a aplicação é específica a processos de software (IC1, IC4) ou se é genérica para BPM/domínios outros (EC1). A análise do texto completo é necessária para confirmar relevância ao escopo PATHCAST.",llm
6797e9ec,E,Refinement mining: Using data to sift plausible models,10.1007/978-3-319-50230-4_3,2016,scopus,maybe,,"Título sugere process mining com refinamento de modelos baseado em dados, potencialmente relevante para IC1 ou IC2. Contudo, abstract ausente impede confirmação decisiva de aplicação a processos de SW versus domínios genéricos de BPM. Necessário acesso ao texto completo para validar escopo.",llm
733a13cc,E,Simod: A tool for automated discovery of business process simulation models,,2019,scopus,maybe,,"O resumo está ausente e o título indica uma ferramenta de descoberta de modelos de simulação de processos de negócio (SIMOD), que sugere possível relevância para IC2 (modelagem estocástica) e IC4 (mineração de processos). Porém, sem acesso ao texto completo ou abstract verificado, não é possível confirmar se a aplicação é específica a processos de software ou apenas a BPM genérico. É necessário acesso ao texto completo para avaliação definitiva.",llm
c2baa8af,E,Simulation of multi-perspective declarative process models,10.1007/978-3-319-58457-7_5,2017,scopus,maybe,,"Resumo ausente impossibilita confirmação de aplicação a processos de software. Título indica modelagem declarativa com simulação, potencialmente relevante a IC2 (modelagem estocástica), mas sem conteúdo não é possível descartar que seja BPM genérico (EC1/EC4). Requer acesso ao texto completo para decisão conclusiva.",llm
29657340,E,Software reliability estimation evaluation method based on Markov model,10.1201/b18658-28,2015,scopus,maybe,,"Título menciona Markov model aplicado a software reliability, sugerindo IC2 (modelagem estocástica). Porém, sem abstract, é impossível confirmar se trata de processo de desenvolvimento de SW ou apenas confiabilidade de produto/sistema. A fase FT exige texto completo para validação; resumo ausente impede decisão conclusiva.",llm
b6a1e8e6,E,Towards simulation- and mining-based translation of resource-aware process models,10.1007/978-3-319-58457-7_26,2017,scopus,maybe,,"Resumo ausente impede avaliação conclusiva. Título sugere relevância potencial a process mining e modelagem estocástica (simulation, mining, resource-aware models), mas sem conteúdo não é possível confirmar se o escopo é processos de software (IC1-IC4) ou BPM genérico (EC1). Requer análise de texto completo.",llm
ed11a07a,E,A Bayesian inference tool for NHPP-based software reliability assessment,10.1007/978-3-642-10509-8_26,2009,scopus,maybe,,"O título indica modelagem estocástica (NHPP) para confiabilidade de software, potencialmente relevante a IC2. Porém, sem abstract disponível, é impossível confirmar se o trabalho aborda processos de desenvolvimento de SW (em vez de apenas confiabilidade de produto final) ou se atende aos critérios de escopo da SLR PATHCAST. A fase de texto completo exige acesso ao conteúdo integral para validação segura.",llm
b7f24f52,E,A Rule-Based Approach to Architecture Conformance Checking as a Quality Management Measure,10.1016/B978-0-12-417009-4.00007-7,2014,scopus,maybe,,"Resumo ausente impede avaliação confiável do escopo. Título menciona 'conformance checking' em arquitetura, que poderia indicar verificação de conformidade de processos (potencialmente IC1), mas sem acesso ao texto completo ou abstract não é possível confirmar se aborda process mining, event logs, modelagem estocástica ou forecasting de processos de SW. Requer acesso ao texto completo para decisão definitiva.",llm
5e57068f,E,A monitoring toolset for paose,10.1007/978-3-540-68746-7_26,2008,scopus,maybe,,"O título sugere uma ferramenta de monitoramento para PAOSE (Process-Aware Operational Support Environments), o que pode estar relacionado a process mining ou análise de processos. Porém, sem resumo disponível, é impossível confirmar se o trabalho atende aos critérios de inclusão (IC1–IC4) da SLR PATHCAST, particularmente se há aplicação a processos de software, modelagem estocástica ou forecasting. O contexto PAOSE é marginalmente relevante, mas requer texto completo para validação.",llm
22874779,E,A simulation query language for defining and analyzing uncertain data,10.2316/P.2011.758-039,2011,scopus,maybe,,"Resumo ausente impede avaliação conclusiva. Título sugere simulação e dados incertos (potencialmente IC2 – modelagem estocástica), mas sem conteúdo verificável não se pode confirmar se a aplicação é direcionada a processos de desenvolvimento de software ou a domínio genérico de BPM/SQL. Venue em engenharia de software (SEA 2011) é indicador marginal de relevância. Texto completo é necessário.",llm
651d10a0,E,A tool for fractal component based applications performance modelling using stochastic well formed nets,10.1007/978-3-642-36981-0_72,2013,scopus,maybe,,"O resumo está ausente, impossibilitando avaliação rigorosa dos critérios de inclusão/exclusão. O título indica modelagem estocástica (stochastic well formed nets), alinhado com IC2, mas não confirma aplicação a processos de software. 'Fractal component based applications' é ambíguo: pode referir-se a componentes de software ou sistemas genéricos. Texto completo é necessário para validar se há contexto de engenharia de software ou se enquadra em EC1 (domínio fora de SW).",llm
d64c4e8c,E,Approaching process mining with sequence clustering: Experiments and findings,10.1007/978-3-540-75183-0_26,2007,scopus,maybe,,"Resumo ausente impede avaliação conclusiva. Título sugere relevância marginal a process mining (IC1), mas sem conteúdo não é possível confirmar: (a) se a aplicação é a processos de SW ou outro domínio (EC1); (b) se sequence clustering é método teórico sem avaliação em SW (EC3); (c) se há realmente mineração de processos ou apenas clustering de sequências genérico. Texto completo necessário.",llm
e189815b,E,Control loop model of virtual company in BPM simulation,10.1007/978-3-642-32922-7_53,2013,scopus,maybe,,"O resumo está ausente e o título refere-se genericamente a 'BPM simulation' com 'control loop model' em 'virtual company', sem indicação explícita de domínio (SW vs. manufatura/negócios). Impossível determinar se aborda processos de desenvolvimento de software, modelagem estocástica ou forecasting com base no título isolado. Requer acesso ao texto completo para decisão definitiva.",llm
0d7f7bae,E,Correlation of Business Activities Executed in Legacy Information Systems,10.1007/978-3-642-45422-6_4,2013,scopus,maybe,,"Abstract ausente e título fornece apenas indicação marginal de relevância. 'Correlation of Business Activities in Legacy Information Systems' pode referir-se a process mining (IC1) ou a sistemas de informação genéricos (EC1). Sem acesso ao texto completo, é impossível confirmar se o foco é em processos de desenvolvimento de software, se aplica técnicas de process mining reconhecidas, ou se trata de análise de sistemas legados sem vinculação a SW development. Dado que é conference paper de 2013 e",llm
0f5a8ea4,E,Fourth Annual Workshop on Data-Driven Knowledge Mobilization,,2019,acm,maybe,,"Resumo completamente ausente. Título refere-se a um workshop sobre 'Data-Driven Knowledge Mobilization' em contexto de conferência de software (CASCON), o que sugere possível relevância marginal a processos de SW orientados por dados, mas sem abstract ou acesso ao texto completo é impossível verificar se atende a qualquer critério de inclusão (IC1–IC4) ou se trata apenas de evento editorial/call-for-papers.",llm
289344cb,E,Maintaining architectural conformance during software development: A practical approach,10.1007/978-3-642-39031-9_19,2013,scopus,maybe,,"O título menciona 'conformance' que é um conceito-chave em process mining (IC1), mas sem abstract disponível é impossível confirmar se o artigo aplica PM a artefatos de SW, analisa event logs, ou se trata apenas de conformance arquitetural genérica em design de software. Embora a venue (LNCS 2013) indique qualidade, a ausência de resumo impede decisão conclusiva na fase de full-text com o rigor requerido.",llm
a50b0228,E,Mapping state diagram to petri net : An approach to use markov theory for analyzing non-functional parameters,10.1007/978-1-4020-6264-3_33,2007,scopus,maybe,,"O título sugere potencial relevância para IC2 (Markov + Petri nets para análise de parâmetros), mas sem resumo disponível não é possível confirmar se a aplicação é a processos de software ou a sistemas genéricos. Texto completo é necessário para avaliar o domínio de aplicação e eliminar risco de EC1.",llm
53138f21,E,Mining predictive process models out of low-level multidimensional logs,10.1007/978-3-319-07881-6_36,2014,scopus,maybe,,"O título sugere fortemente process mining com foco em modelagem preditiva ('Mining predictive process models'), o que se alinha potencialmente com IC1 (process mining) e/ou IC3 (forecasting). Contudo, o abstract está ausente e não é possível confirmar: (1) se a aplicação é em processos de software ou domínios genéricos de BPM; (2) quais são as fontes de dados (event logs, repositórios, etc.); (3) qual é o alvo preditivo. Texto completo é necessário para decisão definitiva.",llm
110eb8a5,E,Optimal software testing and adaptive software testing in the context of software cybernetics,10.1016/S0950-5849(02)00108-8,2002,scopus,maybe,,"Resumo ausente impede avaliação conclusiva do alinhamento com critérios de inclusão PATHCAST. Título menciona 'software cybernetics' e 'adaptive software testing', que poderiam sugerir modelagem de processos adaptativos, mas sem acesso ao conteúdo completo não é possível confirmar se aborda process mining, modelagem estocástica, forecasting de processos de SW ou mineração de repositórios. Dado o ano de publicação (2002) e venue respeitável, mantém-se relevância marginal potencial.",llm
0a8b2797,E,Scenario-based statistical testing of quality of service requirements,10.1007/11495628_9,2005,scopus,maybe,,"Resumo ausente torna impossível confirmar se o paper aborda process mining, modelagem estocástica de processos de SW ou forecasting de métricas de processo de desenvolvimento. O título menciona 'statistical testing' e 'QoS requirements', que podem ser testing técnico (fora de escopo) ou potencialmente envolver modelagem estocástica, mas sem conteúdo concreto não há base para decisão fundamentada.",llm
5202be28,E,Time2Competence: The PEOLIX project,10.1007/11876663_59,2006,scopus,maybe,,"Resumo completamente ausente e título 'Time2Competence: The PEOLIX project' é insuficiente para avaliar contra critérios de inclusão/exclusão. Embora o título sugira potencial relevância a competência/desempenho, sem conteúdo textual não é possível confirmar aplicação a process mining, modelagem estocástica ou forecasting em processos de SW. Texto completo necessário.",llm
6c2eed0a,E,"17th International Conference on Product-Focused Software Process Improvement, PROFES 2016",,2016,scopus,maybe,,"Trata-se de uma conferência (PROFES 2016) focada em software process improvement, o que sugere possível relevância ao escopo da SLR PATHCAST. Entretanto, o abstract está ausente e não é possível verificar se os artigos inclusos nesta conferência abordam especificamente process mining, modelagem estocástica, forecasting ou mineração de repositórios conforme critérios IC1-IC4. Apenas o título da conferência está disponível, insuficiente para decisão conclusiva.",llm
d23ba467,E,"17th International Conference on Software Process Improvement and Capability Determination, SPICE 2017",,2017,scopus,maybe,,"O item é uma conferência (SPICE 2017) sobre melhoria de processo de software, mas nenhum abstract específico está disponível. Sem acesso ao texto completo ou sumário dos artigos inclusos, não é possível determinar se contêm aplicações de process mining, modelagem estocástica ou forecasting em processos de software. O título sugere potencial relevância ao escopo de processo de software, justificando 'pending' em vez de exclusão automática.",llm
0c8553c7,E,"5th Enterprise Engineering Working Conference, EEWC 2015",,2015,scopus,maybe,,"Trata-se de um evento de conferência (EEWC 2015) sem resumo disponível. O título refere-se apenas à conferência em si, não a um artigo específico. Sem acesso ao conteúdo completo ou resumo verificável, não é possível confirmar se algum IC se aplica. O contexto 'enterprise engineering' é marginal para o escopo PATHCAST; requer texto completo para avaliação.",llm
2b9f3ef6,E,"8th International Conference on Software Quality Days, SWQD 2016",,2016,scopus,maybe,,"O documento é uma página de conferência (SWQD 2016) sem abstract disponível. Embora o título sugira relevância potencial (conferência de qualidade de software), não há conteúdo suficiente para avaliar atendimento a critérios IC ou exclusão por EC. Requer acesso ao texto completo para triagem rigorosa.",llm
a911c5b9,E,A methodology for discovering Bayesian networks based on process mining,,2015,scopus,maybe,,"O título sugere combinação de process mining e redes Bayesianas (modelagem estocástica), potencialmente alinhado com IC2. Contudo, o abstract está ausente e a venue (IIE Annual Conference) é tipicamente associada a engenharia industrial/manufatura, não desenvolvimento de software. Sem o texto completo, não é possível confirmar se a aplicação ocorre em processos de SW (requisito de IC) ou em BPM genérico (EC1). A relevância permanece genuinamente incerta.",llm
bb176c1f,E,Advanced prediction of project by dyprep method,,2015,scopus,maybe,,"Resumo ausente impede avaliação conclusiva. Título sugere predição em projetos ('prediction of project'), potencialmente alinhado com IC3 (forecasting), mas sem conteúdo do abstract não é possível confirmar: (a) se aplica a processos de SW; (b) se 'dyprep method' é método estocástico ou de mining; (c) se usa event logs ou dados de repositórios. 'Dyprep' não é terminologia padrão em PM/SE. Requer acesso ao texto completo para decisão fundamentada.",llm
5e14a649,E,CEUR Workshop Proceedings,,2017,scopus,maybe,,"Resumo completamente ausente e título genérico ('CEUR Workshop Proceedings') não fornece informações suficientes para avaliar alinhamento com critérios IC1-IC4 ou descartar exclusão. Acesso ao texto completo é essencial para triagem adequada, mas não disponível nesta fase.",llm
c7ce857d,E,CEUR Workshop Proceedings,,2015,scopus,maybe,,"Resumo completamente ausente e título genérico ('CEUR Workshop Proceedings') não fornece informação suficiente para avaliar relevância. Impossível confirmar se o paper trata de process mining, modelagem estocástica ou processos de SW sem acesso ao conteúdo completo. Recomenda-se buscar o artigo original para determinação conclusiva.",llm
bce026ce,E,Cross-company collaboration analyzed through process mining: A method for analyzing the working environment and measuring impacts of change,,2016,scopus,maybe,,"O resumo está ausente e não pode ser verificado. O título sugere process mining em contexto de colaboração entre empresas, potencialmente relevante para IC1 (process mining em processos), mas sem acesso ao texto completo ou resumo, não é possível confirmar: (1) se o domínio é processos de software (vs. BPM genérico, processos organizacionais ou outro domínio); (2) se algum IC é efetivamente atendido; (3) se há EC que exclua o paper. A avaliação do texto completo é necessária.",llm
50a3797f,E,ENSURE: Ensurance of software evolution by run-time certification-description of selected project results,,2016,scopus,maybe,,"Resumo ausente impede avaliação conclusiva. O título menciona 'evolução de software' e 'certificação em tempo de execução', sugerindo relevância marginal para engenharia de software, mas sem conteúdo do abstract não é possível confirmar aplicação de process mining, modelagem estocástica ou forecasting em processos de SW. Contexto de workshop MBEES (sistemas embarcados) não clarifica suficientemente o escopo quanto à intersecção com process mining ou forecasting de métricas de processo.",llm
7e361951,E,"International Conference on Software Process Improvement, CIMPS 2016",,2017,scopus,maybe,,"O resumo está ausente e a fonte bibliográfica é não verificada. Embora o título indique uma conferência sobre melhoria de processos de software (CIMPS 2016), sem acesso ao conteúdo completo ou resumo não é possível confirmar se o artigo atende aos critérios de inclusão (IC1-IC4) ou se incorre em exclusão. A natureza do documento como anais/proceedings também requer verificação de conteúdo.",llm
f78aa5dc,E,MuDePS: Multi-perspective declarative process simulation,,2016,scopus,maybe,,"Título sugere simulação de processos declarativos multi-perspectiva, potencialmente relevante a IC2 (modelagem estocástica em processos) ou IC1 (process mining), mas o resumo está ausente. Sem acesso ao texto completo, não é possível confirmar: (a) se a aplicação é em processos de software ou outro domínio (EC1), (b) se 'simulation' refere-se a predição/forecasting de processos ou apenas ferramenta (EC2), (c) se há validação empírica em contexto de SE. Texto completo é necessário para avaliação ",llm
dac17aa9,E,"QUDOS 2016 - Proceedings of the 2nd International Workshop on Quality-Aware DevOps, co-located with ISSTA 2016",,2016,scopus,maybe,,"Trata-se de proceedings de workshop (QUDOS 2016) sobre DevOps e qualidade de software, sem resumo disponível. O título sugere possível relevância para processos de desenvolvimento de software, mas não há evidência textual suficiente para confirmar se algum artigo individual dentro dos proceedings aborda process mining, modelagem estocástica ou forecasting. A avaliação requer acesso ao texto completo dos artigos individuais.",llm
326ca8fb,E,"Static and dynamic architecture conformance checking: A systematic, case study-based analysis on tradeoffs and synergies",,2017,scopus,maybe,,"Resumo ausente. O título menciona 'conformance checking' em arquitetura de software, que poderia estar relacionado a IC1 (process mining / conformance checking em artefatos de SW), mas sem abstract ou acesso ao texto completo não é possível confirmar se o trabalho aborda process mining, event logs, modelagem de processos de desenvolvimento de software, ou se trata apenas de conformance estática/dinâmica de arquitetura sem relação com process mining ou estocástica. Necessário análise do texto com",llm
e41a5f30,E,"2014 International Conference on Software and Systems Process, ICSSP 2014 - Proceedings",,2014,scopus,maybe,,"Este é um proceedings de conferência (ICSSP 2014) sem abstract disponível. Embora o título indique foco em 'Software and Systems Process', não há conteúdo específico do trabalho para verificar se atende aos critérios de inclusão (IC1–IC4) ou exclusão (EC1–EC4). A conferência é potencialmente relevante ao escopo PATHCAST, mas a ausência total de resumo impede decisão com rigor exigido na fase de texto completo.",llm
b29c96c9,E,"4th International Conference on Fundamental Approaches to Software Engineering, FASE 2001 Held as Part of the Joint European Conferences on Theory and Practice of Software, ETAPS 2001",,2001,scopus,maybe,,"O documento é uma conferência (FASE 2001) sobre engenharia de software, sem resumo disponível. Embora o título sugira relevância potencial ao domínio de SE, é impossível determinar se algum IC (process mining, modelagem estocástica, forecasting em processos de SW, ou repository mining) é atendido. Requer inspeção do texto completo para decisão fundamentada.",llm
3f0237cd,E,A stochastic approach to security software quality management,,2013,scopus,maybe,,"Título sugere modelagem estocástica aplicada a qualidade de software de segurança (potencialmente IC2), mas resumo ausente impede confirmação definitiva. Sem texto completo, impossível diferenciar entre: (a) modelagem de processos de desenvolvimento de SW; (b) análise de artefatos/código de segurança (EC2); ou (c) domínio fora de SW. Contexto 'Modeling and Simulation Symposium' é ambíguo. A candidatura justifica revisão do texto completo.",llm
86f7b7a4,E,A workflow mining tool based on logs statistical analysis,,2006,scopus,maybe,,"Título indica workflow mining baseado em análise estatística de logs, sugerindo potencial IC1 (process mining). Porém, sem resumo disponível não é possível confirmar (1) se aplica-se a processos de software ou a domínios genéricos de BPM, ou (2) se a ferramenta foi avaliada em contexto de SW. Acesso ao texto completo é necessário para decidir com confiança.",llm
5b65e0eb,E,Defining the implementation order of software projects in uncertain environments,,2008,scopus,maybe,,"Abstract ausente torna impossível confirmar se o paper trata de process mining, modelagem estocástica ou forecasting em processos de desenvolvimento de software. O título sugere relevância marginal para IC2 (incerteza e ordem de implementação) mas não permite determinar se o contexto é SW ou gestão de portfólio genérica. Texto completo necessário para decisão definitiva.",llm
8893aff3,E,Evaluation of prediction intervals for the future reliability of a software package,,1996,scopus,maybe,,"O resumo está ausente e o título sozinho é insuficiente para determinar se o foco é em forecasting de métricas de processo de software (IC3) ou apenas em confiabilidade do produto final como artefato (EC2). A menção a 'prediction intervals' e 'reliability' sugere relevância marginal, mas sem conteúdo completo não há base para inclusão segura.",llm
829b7c3b,E,Information gathering in software process assessment,,2012,scopus,maybe,,"O abstract está ausente e o título 'Information gathering in software process assessment' é genérico, sugerindo potencial relação com processos de software, mas sem conteúdo não é possível confirmar se trata de process mining, modelagem estocástica, forecasting ou mineração de repositórios. A decisão na fase 1 foi correta em marcar como 'maybe'. Na fase FT, a ausência total do abstract torna impossível aplicar rigorosamente os critérios de inclusão/exclusão. O título contém 'software process ass",llm
e4c752f3,E,Mining reuse processes,,2014,scopus,maybe,,"Título sugere potencial relevância para mineração de processos de reuso em software, alinhando-se com IC1 (process mining em artefatos de SW) ou IC4 (mineração de repositórios). Porém, o resumo está ausente e não é possível confirmar se o estudo efetivamente aplica process mining, modelagem estocástica ou forecasting a processos de desenvolvimento de software, ou se trata apenas de análise de reuso de código/componentes sem essas dimensões. Texto completo é necessário para decisão definitiva.",llm
151857b7,E,OOMSE - An object oriented markov chain specification and evaluation framework,,2005,scopus,maybe,,"Título sugere framework para especificação e avaliação de Markov chains, potencialmente relevante para IC2 (modelagem estocástica em processos de SW). Porém, abstract ausente impede confirmação de: (a) se aplica-se a processos de desenvolvimento de software ou é genérico (BPM/manufatura); (b) qual é o domínio de aplicação e se há ligação com SW. Requer acesso ao texto completo para decisão definitiva.",llm
0d9fed8f,E,"Proceedings - 12th Pacific Rim International Symposium on Dependable Computing, PRDC 2006",,2006,scopus,maybe,,"Resumo completamente ausente e título genérico de proceedings de conferência (PRDC 2006) não permite identificar conteúdo específico. Requer acesso ao texto completo para avaliar adequadamente presença de process mining, modelagem estocástica ou forecasting em processos de SW.",llm
8f9f2329,E,"Proceedings - 2011 15th European Conference on Software Maintenance and Reengineering, CSMR 2011",,2011,scopus,maybe,,"O resumo está completamente ausente (apenas 'Resumo não disponível'). Embora o título indique ser um proceedings da CSMR 2011 (conferência de software), não é possível avaliar se algum dos artigos nele contidos atende aos critérios IC1-IC4 (process mining, modelagem estocástica, forecasting ou repository mining em processos de SW) sem acesso ao conteúdo. A ausência de abstract inviabiliza decisão conclusiva, mas o tema da conferência (manutenção e reengenharia de software) sugere possível relevâ",llm
7ede3772,E,"Proceedings - 2011 17th IEEE Pacific Rim International Symposium on Dependable Computing, PRDC 2011",,2011,scopus,maybe,,"O resumo está ausente e o título é genérico (proceedings de conferência de 2011 sobre computação confiável). Sem acesso ao conteúdo, não é possível avaliar se o artigo aborda process mining, modelagem estocástica ou forecasting em processos de software. A relevância marginal para a SLR exige revisão do texto completo.",llm
4cdf5572,E,"Proceedings - IEEE 6th International Symposium on Theoretical Aspects of Software Engineering, TASE 2012",,2012,scopus,maybe,,"Trata-se de proceedings de conferência respeitável (TASE 2012) sem resumo disponível. O título não permite determinar conteúdo específico dos artigos individuais. Embora TASE aborde aspectos teóricos de engenharia de software, não há evidência no título ou metadados de que contenha trabalhos em process mining, modelagem estocástica ou forecasting em processos de SW. Requer acesso ao full-text ou lista de artigos para decisão fundamentada.",llm
e0ef4633,E,"Software Process Dynamics and Agility - International Conference on Software Process, ICSP 2007, Proceedings",,2007,scopus,maybe,,"Título altamente sugestivo de relevância para o escopo (process dynamics, agility em software process), mas ausência de resumo impossibilita confirmação de conteúdo, metodologia e aplicação a critérios IC específicos. Requer acesso ao texto completo para avaliação rigorosa.",llm
c515a6a5,E,Software test process control: Status and future directions,,2004,scopus,maybe,,"Abstract ausente torna impossível confirmar se o paper aborda process mining, modelagem estocástica ou forecasting conforme escopo PATHCAST. O título 'Software test process control: Status and future directions' sugere relevância potencial para IC3 (forecasting de métricas de processo de teste) ou IC1 (process mining em SW), mas sem conteúdo verificável não é possível aplicar critérios com rigor exigido na fase de texto completo. Requer consulta ao texto integral para validação.",llm
ed17c20e,E,Structure and content of a framework to apply process mining techniques in scampi assessments,,2014,scopus,maybe,,"O título menciona 'process mining' e 'SCAMPI assessments', sugerindo potencial aplicação em processos de SW. Porém, sem abstract disponível, é impossível confirmar: (1) se o foco é em processos de desenvolvimento de software ou em avaliação institucional genérica; (2) se realmente aplica técnicas de PM a artefatos de SW (commits, issues, logs); (3) se atende a algum IC específico. A relevância marginal justifica 'pending' em vez de exclusão imediata.",llm
87400cbf,E,Transactions on Petri Nets and Other Models of Concurrency II: Special Issue on Concurrency in Process-Aware Information Systems,,2009,scopus,maybe,,"Resumo ausente e documento aparenta ser um editorial/special issue de coleção, não um artigo de pesquisa. Título indica foco em Petri nets e sistemas process-aware, sugerindo possível relevância para IC2 (modelagem estocástica), mas a natureza como special issue torna impossível avaliar o escopo e conteúdo real dos trabalhos individuais inclusos. Texto completo é necessário para determinar se há contribuição substantiva em modelagem estocástica ou process mining aplicada a SW.",llm
279283a3,E,Transactions on Petri Nets and Other Models of Concurrency V,,2012,scopus,maybe,,"Resumo ausente impossibilita avaliação confiável contra critérios de inclusão/exclusão. Título sugere foco em Petri Nets (potencialmente relevante para IC2 via redes de Petri estocásticas), mas sem conteúdo verificável não é possível confirmar aplicação a processos de SW ou presença de processo mining.",llm
